"Date Heure, GMT+01:00",Débit d'eau échangé (m/s) - pour les meilleurs paramètres,Débit d'eau échangé (m/s) - quantile 0.05,Débit d'eau échangé (m/s) - quantile 0.5,Débit d'eau échangé (m/s) - quantile 0.95
17/05/25 13:00:00,-7.226516274272399e-09,-1.9004360751750937e-08,-8.609323032260363e-09,-6.992714851605797e-09
17/05/25 13:15:00,-5.232119626441545e-09,-1.0598830257890768e-08,-5.756331411532756e-09,-5.070326825062921e-09
17/05/25 13:30:00,-7.088553299894329e-09,-1.6090185184225447e-08,-8.013839369880316e-09,-7.071821794824018e-09
17/05/25 13:45:00,-8.535276485588383e-09,-1.7399996110611937e-08,-9.397337130678807e-09,-8.263001838315631e-09
17/05/25 14:00:00,-8.634230219684014e-09,-1.8545470936714992e-08,-9.472127082688075e-09,-8.407371687724208e-09
17/05/25 14:15:00,-9.387514765535343e-09,-1.945066863129341e-08,-1.0346894896429149e-08,-9.073635176548578e-09
17/05/25 14:30:00,-1.1391474430411108e-08,-2.24458798214755e-08,-1.254344361711901e-08,-1.0916068937660839e-08
17/05/25 14:45:00,-1.1369328589694305e-08,-2.2802561616686035e-08,-1.2516488290259531e-08,-1.0892201807166657e-08
17/05/25 15:00:00,-1.034001773092541e-08,-2.2092777385296358e-08,-1.1420723033950253e-08,-9.96043070244923e-09
17/05/25 15:15:00,-1.1703238378402148e-08,-2.4321627378753874e-08,-1.2884802558232877e-08,-1.1215839812450668e-08
17/05/25 15:30:00,-1.2006745819803655e-08,-2.525088405036513e-08,-1.3215804450794622e-08,-1.1504366348447093e-08
17/05/25 15:45:00,-1.3895040673617132e-08,-2.8150179076646964e-08,-1.5245012363607202e-08,-1.3245392338490092e-08
17/05/25 16:00:00,-1.3713941982018696e-08,-2.852604374936618e-08,-1.506161950715068e-08,-1.3096991935412916e-08
17/05/25 16:15:00,-1.317386821853006e-08,-2.8446095257095294e-08,-1.449896380734117e-08,-1.2627181078528338e-08
17/05/25 16:30:00,-1.3951312993754073e-08,-3.0118787464061825e-08,-1.5348007309512468e-08,-1.3364727102782581e-08
17/05/25 16:45:00,-1.447517927744002e-08,-3.125078507082435e-08,-1.5927142271721095e-08,-1.3871982673663297e-08
17/05/25 17:00:00,-1.4323576102981406e-08,-3.094584144491819e-08,-1.5785889928565666e-08,-1.3765269812893166e-08
17/05/25 17:15:00,-1.4356594135733758e-08,-3.1037640013664713e-08,-1.5844745959725515e-08,-1.3830613987408924e-08
17/05/25 17:30:00,-1.4531954306562511e-08,-3.143258453519593e-08,-1.60570952090211e-08,-1.4027702555097221e-08
17/05/25 17:45:00,-1.517621761593091e-08,-3.282966787310215e-08,-1.6773480382425987e-08,-1.4655035407429295e-08
17/05/25 18:00:00,-1.436182905933947e-08,-3.111779278697213e-08,-1.5860855739902036e-08,-1.395090354350259e-08
17/05/25 18:15:00,-1.3319733760397412e-08,-2.9577517324241853e-08,-1.472382571421349e-08,-1.3041620228193551e-08
17/05/25 18:30:00,-1.2452998632284107e-08,-2.837351154028056e-08,-1.4083018307076145e-08,-1.2294209206231699e-08
17/05/25 18:45:00,-1.3278662613913639e-08,-3.008633342460598e-08,-1.494229096010713e-08,-1.3092748218923589e-08
17/05/25 19:00:00,-1.26551364942884e-08,-2.927254527662626e-08,-1.451670339491784e-08,-1.2564914442236841e-08
17/05/25 19:15:00,-1.2977670493796722e-08,-3.008898019629669e-08,-1.492347934117788e-08,-1.2903297097466293e-08
17/05/25 19:30:00,-1.1557875545520346e-08,-2.7869463181673382e-08,-1.3457270853223235e-08,-1.1530484123056794e-08
17/05/25 19:45:00,-1.2598158960486217e-08,-2.9895726783024656e-08,-1.4741381448857283e-08,-1.257993176295713e-08
17/05/25 20:00:00,-9.681862422894483e-09,-2.5046881901857887e-08,-1.1289370327460801e-08,-9.594987915306774e-09
17/05/25 20:15:00,-8.38467961727929e-09,-2.3010029437386947e-08,-1.0067536138080868e-08,-8.259488204487297e-09
17/05/25 20:30:00,-6.911531791331527e-09,-2.0630084307526886e-08,-8.66389004983148e-09,-6.962017184974911e-09
17/05/25 20:45:00,-5.9469495994335375e-09,-1.9109458904154053e-08,-7.758908182609048e-09,-5.848250772544361e-09
17/05/25 21:00:00,-5.143432790788438e-09,-1.7830270593321984e-08,-7.006475843951421e-09,-4.918706775214332e-09
17/05/25 21:15:00,-3.706927653723824e-09,-1.5420145160760512e-08,-5.59513546605217e-09,-3.2790008486216493e-09
17/05/25 21:30:00,-4.23310941854993e-09,-1.636550450712093e-08,-6.1718918864528405e-09,-3.8468841445649105e-09
17/05/25 21:45:00,-2.7881486008851653e-09,-1.3846839230780006e-08,-4.5050532193613435e-09,-2.2038881830610535e-09
17/05/25 22:00:00,-1.7143434449806705e-09,-1.2030373142124517e-08,-3.2049518594590154e-09,-9.776554010798577e-10
17/05/25 22:15:00,-4.2994485749403566e-10,-1.0093106794784035e-08,-2.055057457539533e-09,4.80911921396654e-10
17/05/25 22:30:00,-7.670755697297693e-11,-9.421267321840787e-09,-1.7052852463450563e-09,8.907869997187845e-10
17/05/25 22:45:00,-1.9025890585222527e-10,-9.356373453783817e-09,-1.8087061848248709e-09,7.705076021657931e-10
17/05/25 23:00:00,1.030015406300322e-09,-7.398351264953362e-09,-1.2767525925383438e-10,2.2956758716219383e-09
17/05/25 23:15:00,1.1274601044442001e-11,-8.541147344942601e-09,-1.573626784434623e-09,1.0020196894444666e-09
17/05/25 23:30:00,9.827023639275012e-10,-6.868704716112006e-09,-1.5403937847491278e-10,2.2294428525526655e-09
17/05/25 23:45:00,1.1947051126171004e-09,-6.256509976765301e-09,1.8753341934907297e-10,2.4960484790170767e-09
17/05/26 00:00:00,1.962787266052146e-09,-4.848055734640866e-09,1.0374171521831954e-09,3.4744782606566105e-09
17/05/26 00:15:00,2.019915346096468e-09,-4.4303027912917514e-09,1.120650461317041e-09,3.5347933469154214e-09
17/05/26 00:30:00,2.6162110255967264e-09,-3.249214897138586e-09,1.8106288690589167e-09,4.2853534054643205e-09
17/05/26 00:45:00,3.1222593399604648e-09,-2.19600537754161e-09,2.3711808072590657e-09,4.918093043926319e-09
17/05/26 01:00:00,2.967334156167567e-09,-2.058822001771432e-09,2.240228225147689e-09,4.696499633638496e-09
17/05/26 01:15:00,2.885593319845725e-09,-1.812608063644916e-09,2.188639047773222e-09,4.566305111808333e-09
17/05/26 01:30:00,3.5549221344410853e-09,-5.521407775432863e-10,2.9258520051200776e-09,5.402047253966202e-09
17/05/26 01:45:00,3.94797261549229e-09,3.049127061949264e-10,3.373501700210113e-09,5.88124970946069e-09
17/05/26 02:00:00,3.2109963576942846e-09,-3.2474534172877156e-10,2.636900031660616e-09,4.902521055782927e-09
17/05/26 02:15:00,4.349580251528096e-09,1.6487377019203109e-09,3.869712550397253e-09,6.415101783119326e-09
17/05/26 02:30:00,3.953786187338437e-09,1.4410309612244987e-09,3.4909164448038155e-09,5.797681446040315e-09
17/05/26 02:45:00,4.097424621818391e-09,1.8992218908664427e-09,3.6805039016485352e-09,6.115920214710968e-09
17/05/26 03:00:00,4.46128822773062e-09,2.641920460177971e-09,4.209099735419386e-09,6.477341774058232e-09
17/05/26 03:15:00,4.292021404950219e-09,2.6284658893871438e-09,4.084642402091276e-09,6.223034088037593e-09
17/05/26 03:30:00,4.792949592768991e-09,3.0873577028245336e-09,4.792949592768991e-09,6.972011856731797e-09
17/05/26 03:45:00,4.726801172694195e-09,3.0935400907594612e-09,4.728781810570126e-09,7.449076466770066e-09
17/05/26 04:00:00,4.779009188382588e-09,3.1939995093210882e-09,4.7837080963120115e-09,7.82092168805093e-09
17/05/26 04:15:00,4.81738782198704e-09,3.281984239933422e-09,4.824640242873102e-09,7.891558517769681e-09
17/05/26 04:30:00,4.751803839297963e-09,3.327098596628275e-09,4.760849492413399e-09,7.717128269746354e-09
17/05/26 04:45:00,4.260641617293004e-09,3.0221798397178645e-09,4.431008893135413e-09,6.983774447633095e-09
17/05/26 05:00:00,3.999891529105071e-09,2.9178730542867015e-09,4.20837809045338e-09,6.550465059262933e-09
17/05/26 05:15:00,4.88829465794538e-09,3.818750204942489e-09,5.333057995215995e-09,8.121693539919761e-09
17/05/26 05:30:00,3.856593266959862e-09,3.023028938287098e-09,4.273679632404992e-09,6.5798397841376755e-09
17/05/26 05:45:00,3.6528449154360487e-09,2.957682099236081e-09,4.153276833562813e-09,6.21590556804108e-09
17/05/26 06:00:00,3.950841875877131e-09,3.323636921237494e-09,4.511394813278002e-09,6.582443923264236e-09
17/05/26 06:15:00,3.2249387604821322e-09,2.7829669679846347e-09,3.6809091330525234e-09,5.767863964223352e-09
17/05/26 06:30:00,3.0971178954786183e-09,2.7311122252626774e-09,3.544360804852431e-09,5.901985122847009e-09
17/05/26 06:45:00,1.8449827221544979e-09,1.6218224541120208e-09,2.1562591712154244e-09,3.849479845996484e-09
17/05/26 07:00:00,2.0297554748083257e-09,1.825382289766253e-09,2.4155080158294595e-09,4.2681009837508554e-09
17/05/26 07:15:00,3.7389899509854274e-10,3.426785244453612e-10,4.353529758915897e-10,1.4271828163714417e-09
17/05/26 07:30:00,-1.2149138362005374e-09,-1.8462208428715599e-09,-1.2261186510542643e-09,-6.031036781095622e-10
17/05/26 07:45:00,-2.360544204549342e-09,-3.6032909989103246e-09,-2.394157316842893e-09,-1.773797442261582e-09
17/05/26 08:00:00,-2.749266370116743e-09,-4.195745972879195e-09,-2.7729130103182342e-09,-2.053623715525532e-09
17/05/26 08:15:00,-2.8160360709961196e-09,-4.278477572228212e-09,-2.8345619185188298e-09,-2.083141659170451e-09
17/05/26 08:30:00,-3.1280840140368582e-09,-4.743038406473943e-09,-3.147780258672128e-09,-2.3127626480601293e-09
17/05/26 08:45:00,-4.106314399621169e-09,-6.238846328443515e-09,-4.2105376962808805e-09,-3.098066470030858e-09
17/05/26 09:00:00,-4.091132765893235e-09,-6.26288088056981e-09,-4.1848231546737225e-09,-3.0955764618312287e-09
17/05/26 09:15:00,-4.57368809492209e-09,-7.407439550632944e-09,-4.757172433755841e-09,-3.54848062045221e-09
17/05/26 09:30:00,-4.4111247987643765e-09,-7.233273535689477e-09,-4.7912283029916125e-09,-3.4444842533787323e-09
17/05/26 09:45:00,-5.286353577105274e-09,-8.739364787402337e-09,-5.852109463688748e-09,-4.26657598140423e-09
17/05/26 10:00:00,-5.384225953974919e-09,-8.921464456079775e-09,-6.101783078804601e-09,-4.410234399898627e-09
17/05/26 10:15:00,-4.92913976302134e-09,-8.169081411324441e-09,-5.626222154830884e-09,-4.079222737374266e-09
17/05/26 10:30:00,-5.655445889374278e-09,-9.442875814613672e-09,-6.440729283241353e-09,-4.79434580924476e-09
17/05/26 10:45:00,-5.892841770105406e-09,-1.0021982355112868e-08,-6.704752752995091e-09,-5.0803237172658555e-09
17/05/26 11:00:00,-5.876231501389384e-09,-1.0176719023036185e-08,-6.6799259457184235e-09,-5.1494262187645745e-09
17/05/26 11:15:00,-5.968039396009317e-09,-1.0525107008163559e-08,-6.774813154919457e-09,-5.3167608093929175e-09
17/05/26 11:30:00,-6.533228624761023e-09,-1.1693372492516119e-08,-7.399854506928705e-09,-5.9017786213644285e-09
17/05/26 11:45:00,-6.110381089996508e-09,-1.1154112300459929e-08,-6.913134065200666e-09,-5.581082707095675e-09
17/05/26 12:00:00,-7.065501073100222e-09,-1.3004195942301067e-08,-7.972466242733844e-09,-6.481668091140591e-09
17/05/26 12:15:00,-8.216819225026484e-09,-1.5181621293436365e-08,-9.253390054198007e-09,-7.560195136591119e-09
17/05/26 12:30:00,-8.555610442328998e-09,-1.5858196533713453e-08,-9.619677499017598e-09,-7.896721498923398e-09
17/05/26 12:45:00,-8.460934175502643e-09,-1.573531704934794e-08,-9.496827324539936e-09,-7.838910853763537e-09
17/05/26 13:00:00,-9.93916504654635e-09,-1.850566455630087e-08,-1.1140645739260435e-08,-9.21917120422222e-09
17/05/26 13:15:00,-1.0981058728987136e-08,-2.047003988536744e-08,-1.2295533480255472e-08,-1.019888884457032e-08
17/05/26 13:30:00,-1.0382096071737124e-08,-1.9569997178336962e-08,-1.1604184280145091e-08,-9.680920065591181e-09
17/05/26 13:45:00,-1.0634163771783278e-08,-2.0509332898654975e-08,-1.186684528420301e-08,-9.943776468901433e-09
17/05/26 14:00:00,-1.1217322182233147e-08,-2.1854447140867705e-08,-1.2501755186633545e-08,-1.0508630410299702e-08
17/05/26 14:15:00,-1.2445951824702206e-08,-2.3996809872528502e-08,-1.3862660352970124e-08,-1.1664860188886905e-08
17/05/26 14:30:00,-1.3286815203628066e-08,-2.5672269643450818e-08,-1.4786857960302768e-08,-1.2466370158392692e-08
17/05/26 14:45:00,-1.2491755185806142e-08,-2.5372486334163113e-08,-1.3870987025654813e-08,-1.1775920683021468e-08
17/05/26 15:00:00,-1.2857978681779514e-08,-2.6530319274797876e-08,-1.4256910318977134e-08,-1.2149308226128142e-08
17/05/26 15:15:00,-1.3919905228476637e-08,-2.8531246698548784e-08,-1.5425881016994936e-08,-1.3158516054545544e-08
17/05/26 15:30:00,-1.34856321665211e-08,-2.868406312472871e-08,-1.491299883582542e-08,-1.280156958216594e-08
17/05/26 15:45:00,-1.4721207364232214e-08,-3.090478628564597e-08,-1.627390133762674e-08,-1.3973391332910978e-08
17/05/26 16:00:00,-1.3986142910482613e-08,-3.013535732065975e-08,-1.5420637211605026e-08,-1.3343299798407315e-08
17/05/26 16:15:00,-1.580074915352725e-08,-3.362492861924693e-08,-1.743064004244843e-08,-1.5047092460918066e-08
17/05/26 16:30:00,-1.485408684942513e-08,-3.204156939773384e-08,-1.6338461250597902e-08,-1.422457973632163e-08
17/05/26 16:45:00,-1.5668877750840693e-08,-3.3808522204026303e-08,-1.7231139182172228e-08,-1.5017603161027182e-08
17/05/26 17:00:00,-1.612892042146541e-08,-3.481827448581498e-08,-1.7754476999698454e-08,-1.548285233354818e-08
17/05/26 17:15:00,-1.543271466175611e-08,-3.3365218143899256e-08,-1.7042564692815176e-08,-1.4893494437728805e-08
17/05/26 17:30:00,-1.5182459733864562e-08,-3.286414695935491e-08,-1.6810441039183388e-08,-1.4714014007211063e-08
17/05/26 17:45:00,-1.5454457269470367e-08,-3.352997524075363e-08,-1.7099811344678528e-08,-1.5011027088007722e-08
17/05/26 18:00:00,-1.583356734613517e-08,-3.4495190703864864e-08,-1.7499726112646385e-08,-1.5405628772668933e-08
17/05/26 18:15:00,-1.4831940120529907e-08,-3.3069337490587714e-08,-1.6441639161257626e-08,-1.4538140469255723e-08
17/05/26 18:30:00,-1.5045149126535762e-08,-3.3746523797617556e-08,-1.6773435973505002e-08,-1.4783174684396272e-08
17/05/26 18:45:00,-1.5001461406427552e-08,-3.395725300947561e-08,-1.6868794361357686e-08,-1.4790176194878768e-08
17/05/26 19:00:00,-1.396802318254231e-08,-3.245145308028441e-08,-1.6091817656160856e-08,-1.3893198591574674e-08
17/05/26 19:15:00,-1.4023187944189885e-08,-3.281996185933167e-08,-1.626895063111533e-08,-1.3990788083617645e-08
17/05/26 19:30:00,-1.2496284895746612e-08,-3.043260221602395e-08,-1.4557463678954718e-08,-1.2456887077405554e-08
17/05/26 19:45:00,-1.2042683295021561e-08,-2.9895197428686515e-08,-1.3864458026091597e-08,-1.1981123648752146e-08
17/05/26 20:00:00,-1.0769459102277779e-08,-2.791181863415204e-08,-1.257572623813985e-08,-1.066975752195276e-08
17/05/26 20:15:00,-9.93513893376985e-09,-2.6672870134802906e-08,-1.1811060574018484e-08,-9.806855771898881e-09
17/05/26 20:30:00,-9.184974558706926e-09,-2.5546698978473614e-08,-1.1122429199872386e-08,-9.043081838910894e-09
17/05/26 20:45:00,-8.596280132167067e-09,-2.467202087075293e-08,-1.0588986576465231e-08,-8.614481572521981e-09
17/05/26 21:00:00,-6.854957490531888e-09,-2.176949287502339e-08,-8.912863336263399e-09,-6.7467476050353525e-09
17/05/26 21:15:00,-6.525377127530874e-09,-2.1283442563913013e-08,-8.625034020326439e-09,-6.347872449907754e-09
17/05/26 21:30:00,-5.349596765569231e-09,-1.928735926526315e-08,-7.492906739514638e-09,-5.002182668079058e-09
17/05/26 21:45:00,-4.43554926121692e-09,-1.7714848254968274e-08,-6.614068848165289e-09,-3.951742932883917e-09
17/05/26 22:00:00,-3.503179968333825e-09,-1.6071387776150914e-08,-5.5165125800726855e-09,-2.884032124228497e-09
17/05/26 22:15:00,-1.8184321826097971e-09,-1.3203946380713205e-08,-3.4651874702973373e-09,-9.7313213043293e-10
17/05/26 22:30:00,-2.192708681292288e-09,-1.3644319452055242e-08,-3.929115255374427e-09,-1.3789979158573828e-09
17/05/26 22:45:00,-1.7333692259313693e-09,-1.2732035870044456e-08,-3.3665052967535303e-09,-8.546003904541521e-10
17/05/26 23:00:00,-1.7200812996165382e-09,-1.250490999638032e-08,-3.3460418880082443e-09,-8.329089640213283e-10
17/05/26 23:15:00,-1.3379529706369908e-09,-1.1688250367569708e-08,-2.9226658870840083e-09,-4.015480725705345e-10
17/05/26 23:30:00,-1.5603243141981693e-09,-1.1786955411707822e-08,-3.129829284631569e-09,-6.526955642627286e-10
17/05/26 23:45:00,-9.81091652363375e-10,-1.0602951405758176e-08,-2.5753046362098075e-09,-6.784990104480304e-12
17/05/27 00:00:00,-7.56002274671097e-11,-9.033575665284843e-09,-1.7678025709955136e-09,1.0034589825735907e-09
17/05/27 00:15:00,-7.265071322315464e-10,-9.628116082183169e-09,-2.2922335141117856e-09,2.6101654171384325e-10
17/05/27 00:30:00,1.60763735657099e-10,-8.06541944342598e-09,-1.4387510072211285e-09,1.2444375530051843e-09
17/05/27 00:45:00,-4.308508411154932e-11,-8.034165333015153e-09,-1.6104632072355685e-09,9.97599225449619e-10
17/05/27 01:00:00,8.315018812377062e-11,-7.532194423731653e-09,-1.4375525214660456e-09,1.1191122473164228e-09
17/05/27 01:15:00,1.1151788381624783e-09,-5.773863609448426e-09,1.0943593947709829e-10,2.4152297939394884e-09
17/05/27 01:30:00,4.237538930862428e-10,-6.424946796812492e-09,-8.638807447169938e-10,1.5020166221901832e-09
17/05/27 01:45:00,5.598040919707614e-10,-5.912359046789106e-09,-6.097737315080565e-10,1.650682035503337e-09
17/05/27 02:00:00,1.885727352046729e-09,-3.7530947238906265e-09,1.0558118823666973e-09,3.333045839326587e-09
17/05/27 02:15:00,1.3366945328385782e-09,-4.217727944677563e-09,5.01448327305809e-10,2.5996418351326156e-09
17/05/27 02:30:00,1.4520579183496807e-09,-3.745817878098023e-09,6.764919735502417e-10,2.719136027451441e-09
17/05/27 02:45:00,1.5406943498774694e-09,-3.3216234207600337e-09,8.009706231604241e-10,2.8044977451457953e-09
17/05/27 03:00:00,1.1120079301818464e-09,-3.6203253728217533e-09,3.7424457977053294e-10,2.2226285256721212e-09
17/05/27 03:15:00,2.2540647126589874e-09,-1.7320873624271371e-09,1.6446817241444478e-09,3.6634932865098335e-09
17/05/27 03:30:00,1.388890003006793e-09,-2.6595654567529436e-09,7.448152650191275e-10,2.520497144331557e-09
17/05/27 03:45:00,2.2231350094159552e-09,-1.209598310403237e-09,1.6791230628143694e-09,3.5635461248517686e-09
17/05/27 04:00:00,1.4383170210408025e-09,-2.038841095952648e-09,8.615246849252856e-10,2.5236355227775675e-09
17/05/27 04:15:00,2.1072936728927516e-09,-8.347897928473458e-10,1.6230503607772562e-09,3.3539677701810433e-09
17/05/27 04:30:00,2.3877997357146796e-09,-2.2082230488607024e-10,1.948248673500075e-09,3.686627003673948e-09
17/05/27 04:45:00,2.9844853255411863e-09,8.068096746249864e-10,2.605311966163981e-09,4.425874333691127e-09
17/05/27 05:00:00,3.1628908381264864e-09,1.336835642185008e-09,2.822251321532576e-09,4.690511978822087e-09
17/05/27 05:15:00,3.089190458993585e-09,1.4395366010333532e-09,2.7746944741835478e-09,4.6239176931806014e-09
17/05/27 05:30:00,3.225014033603202e-09,1.7965334775382757e-09,2.9464570783233057e-09,4.787974017261831e-09
17/05/27 05:45:00,2.949006594477055e-09,1.6542832659283135e-09,2.6853124168724207e-09,4.4162842272044145e-09
17/05/27 06:00:00,2.67580668733558e-09,1.518450920556802e-09,2.4276478605145257e-09,4.047062684975344e-09
17/05/27 06:15:00,2.931751064139121e-09,1.830540496960964e-09,2.9164255455071952e-09,4.288339461311352e-09
17/05/27 06:30:00,2.0574133507977876e-09,1.1350540507493179e-09,1.8331864914955531e-09,3.1436679925889166e-09
17/05/27 06:45:00,1.4413480409203316e-09,5.433561378609397e-10,1.2148294592506659e-09,2.2157184975668542e-09
17/05/27 07:00:00,1.1496742446936992e-09,3.5655048358229635e-10,9.357508101714984e-10,1.8133633483685685e-09
17/05/27 07:15:00,-4.1169126441253923e-10,-1.6653064482952118e-09,-7.654416545044285e-10,-1.42264741653797e-10
17/05/27 07:30:00,-1.4838621442692101e-09,-3.1378390996650296e-09,-1.8129999723726087e-09,-1.3755540040349956e-09
17/05/27 07:45:00,-2.183095038077454e-09,-4.1751153645464e-09,-2.4823509914284614e-09,-1.9870383116682433e-09
17/05/27 08:00:00,-3.3755855888273345e-09,-6.154944998115752e-09,-3.7098069061158867e-09,-3.2832112584202378e-09
17/05/27 08:15:00,-2.2975021884974467e-09,-4.258418950797704e-09,-2.5565176642317056e-09,-2.152306555203154e-09
17/05/27 08:30:00,-4.865745584226033e-09,-8.605739232336873e-09,-5.315041740061588e-09,-4.528974972828337e-09
17/05/27 08:45:00,-4.24483692640365e-09,-7.578976557454098e-09,-4.63147431517541e-09,-3.948692484101457e-09
17/05/27 09:00:00,-4.8661479290501575e-09,-8.686940944357957e-09,-5.315705653430314e-09,-4.488904803423566e-09
17/05/27 09:15:00,-5.041030703978322e-09,-9.142979706666665e-09,-5.529741109455699e-09,-4.6437973466595395e-09
17/05/27 09:30:00,-5.472409636553266e-09,-9.958844415791646e-09,-6.028566978955041e-09,-5.040873940487245e-09
17/05/27 09:45:00,-5.441253225768605e-09,-9.974860937234098e-09,-6.005384634022448e-09,-5.041592476828782e-09
17/05/27 10:00:00,-6.1778777649124095e-09,-1.1343924910534042e-08,-6.841943012148022e-09,-5.730068419751433e-09
17/05/27 10:15:00,-6.994933965387418e-09,-1.2863490717052173e-08,-7.767683385395685e-09,-6.4852745396137834e-09
17/05/27 10:30:00,-9.649196108796332e-09,-1.7572288513179046e-08,-1.0755957013941497e-08,-8.88297346790523e-09
17/05/27 10:45:00,-8.053941513708196e-09,-1.4941244685928723e-08,-8.967341535992546e-09,-7.46796313677578e-09
17/05/27 11:00:00,-7.455028594449686e-09,-1.3927169639771364e-08,-8.289613440126686e-09,-6.938484009566537e-09
17/05/27 11:15:00,-8.45887004885526e-09,-1.5803699682237493e-08,-9.413814616721083e-09,-7.873914853462338e-09
17/05/27 11:30:00,-8.472158974370814e-09,-1.608999689040047e-08,-9.423734681490714e-09,-7.905208043723633e-09
17/05/27 11:45:00,-9.378857690478526e-09,-1.7721562883821207e-08,-1.0434492381250493e-08,-8.7568921003367e-09
17/05/27 12:00:00,-1.0001578232277097e-08,-1.8999696038690672e-08,-1.1125328214234287e-08,-9.349962581950422e-09
17/05/27 12:15:00,-9.643005505211022e-09,-1.9093663539138106e-08,-1.0710415665471373e-08,-9.048918947485163e-09
17/05/27 12:30:00,-9.988592175602662e-09,-2.0073642303941597e-08,-1.108420732975901e-08,-9.394939048945616e-09
17/05/27 12:45:00,-1.0920860660235121e-08,-2.1770560465483868e-08,-1.2116759151581391e-08,-1.02769615040188e-08
17/05/27 13:00:00,-1.1497375496105633e-08,-2.3034388618725643e-08,-1.2748483158020463e-08,-1.0834602548470684e-08
17/05/27 13:15:00,-1.2339044452858161e-08,-2.4648070251487297e-08,-1.3676896060133004e-08,-1.1636537955439508e-08
17/05/27 13:30:00,-1.1429224677783623e-08,-2.4129141351636463e-08,-1.2634886026319236e-08,-1.0838420827496975e-08
17/05/27 13:45:00,-1.1563210833287485e-08,-2.489472628042222e-08,-1.2762875201133284e-08,-1.0998065569367554e-08
17/05/27 14:00:00,-1.356163359389484e-08,-2.798175380291923e-08,-1.4987325158699605e-08,-1.2860230214073454e-08
17/05/27 14:15:00,-1.3486537220330774e-08,-2.8485725778182314e-08,-1.4882671983684759e-08,-1.2826073536587046e-08
17/05/27 14:30:00,-1.2677383587345048e-08,-2.733760773310223e-08,-1.394808979426898e-08,-1.212544109563396e-08
17/05/27 14:45:00,-1.4327602215757906e-08,-3.079878752032528e-08,-1.5776953077306644e-08,-1.367362134629957e-08
17/05/27 15:00:00,-1.47644927395163e-08,-3.1834691327503606e-08,-1.6244911194007727e-08,-1.4110229429320498e-08
17/05/27 15:15:00,-1.481140454728802e-08,-3.196007369865583e-08,-1.6288277393528006e-08,-1.4193605402113008e-08
17/05/27 15:30:00,-1.6095500043888933e-08,-3.4723342423603754e-08,-1.7689737674686512e-08,-1.5407962905555905e-08
17/05/27 15:45:00,-1.679835115453443e-08,-3.6246699863795584e-08,-1.84703914385409e-08,-1.6090668353285764e-08
17/05/27 16:00:00,-1.5593780489098208e-08,-3.3706427871038613e-08,-1.7210656011457104e-08,-1.5031394795528286e-08
17/05/27 16:15:00,-1.5599416869349625e-08,-3.374851686999136e-08,-1.724973586192391e-08,-1.5082733284543792e-08
17/05/27 16:30:00,-1.6599031482655846e-08,-3.59081759881974e-08,-1.8349620489743756e-08,-1.6041024508695045e-08
17/05/27 16:45:00,-1.624348122675201e-08,-3.517739344260917e-08,-1.797052107121999e-08,-1.5759287208538808e-08
17/05/27 17:00:00,-1.6469575925270874e-08,-3.572672468976634e-08,-1.819847206263603e-08,-1.6013657955227245e-08
17/05/27 17:15:00,-1.6602051289282826e-08,-3.626201561246489e-08,-1.831842588728705e-08,-1.6180409900812265e-08
17/05/27 17:30:00,-1.5716995704906367e-08,-3.503947709759814e-08,-1.742720456832103e-08,-1.5418782695064692e-08
17/05/27 17:45:00,-1.54470107815996e-08,-3.488223043746075e-08,-1.733148025095943e-08,-1.522105819162789e-08
17/05/27 18:00:00,-1.470993282737254e-08,-3.390748304354929e-08,-1.6822029991203635e-08,-1.4594996322614406e-08
17/05/27 18:15:00,-1.4709127249545872e-08,-3.4196041553968826e-08,-1.6957882209567288e-08,-1.4642306922496573e-08
17/05/27 18:30:00,-1.3006863142095426e-08,-3.152859662236551e-08,-1.5154368426806286e-08,-1.2970236440423832e-08
17/05/27 18:45:00,-1.36179068022102e-08,-3.285437699673821e-08,-1.585835107675848e-08,-1.3580518931632923e-08
17/05/27 19:00:00,-1.2177979513694481e-08,-3.059567887930825e-08,-1.401103322251629e-08,-1.2099619084438018e-08
17/05/27 19:15:00,-1.2381526026672418e-08,-3.117226654580918e-08,-1.4273916271179132e-08,-1.229447388340077e-08
17/05/27 19:30:00,-1.1170311786656839e-08,-2.926354270016418e-08,-1.3131955078904411e-08,-1.104759927983423e-08
17/05/27 19:45:00,-1.0448132137241828e-08,-2.8186082801084922e-08,-1.2473786448197188e-08,-1.029923613060646e-08
17/05/27 20:00:00,-9.106455145513337e-09,-2.6004684627878305e-08,-1.1195585791767826e-08,-9.107176346390133e-09
17/05/27 20:15:00,-9.099005993107312e-09,-2.6107402462116625e-08,-1.1231804819544777e-08,-9.137179013407604e-09
17/05/27 20:30:00,-8.013624430702748e-09,-2.4305631285415075e-08,-1.0193700994420851e-08,-7.96948551595733e-09
17/05/27 20:45:00,-7.375200450354669e-09,-2.3258348136323548e-08,-9.595018113373044e-09,-7.227659803987763e-09
17/05/27 21:00:00,-7.173263760762438e-09,-2.292531497971595e-08,-9.417283841628432e-09,-6.978260191914387e-09
17/05/27 21:15:00,-7.192591855442743e-09,-2.294331835628327e-08,-9.45206224400863e-09,-6.981755173995907e-09
17/05/27 21:30:00,-6.050434375737268e-09,-2.0923938137684672e-08,-8.332647460917997e-09,-5.6810929294215384e-09
17/05/27 21:45:00,-5.134574543319559e-09,-1.9278358465157908e-08,-7.4336616862069604e-09,-4.637232375870326e-09
17/05/27 22:00:00,-5.47079892498914e-09,-1.9768114256635272e-08,-7.762506193387253e-09,-5.0040331878165034e-09
17/05/27 22:15:00,-5.287989157665152e-09,-1.933130455711307e-08,-7.570860383054878e-09,-4.791436580831032e-09
17/05/27 22:30:00,-4.751238069644614e-09,-1.8267609647182326e-08,-7.025664494619832e-09,-4.183871915586224e-09
17/05/27 22:45:00,-4.5213166544044725e-09,-1.771696567232084e-08,-6.7781313894954565e-09,-3.922957958479856e-09
17/05/27 23:00:00,-3.3924469899915266e-09,-1.5598045521869608e-08,-5.43519718121388e-09,-2.654576114480278e-09
17/05/27 23:15:00,-3.9900012183125e-09,-1.64544555758539e-08,-6.154514231582198e-09,-3.3285518785675094e-09
17/05/27 23:30:00,-3.0954823149187405e-09,-1.4710132667516973e-08,-5.044372475282444e-09,-2.330232895531026e-09
17/05/27 23:45:00,-4.114826701595575e-09,-1.627470247456131e-08,-6.252843576248779e-09,-3.483167310136537e-09
17/05/28 00:00:00,-3.5806926312886844e-09,-1.513238245820503e-08,-5.600655050841397e-09,-2.8951350206085635e-09
17/05/28 00:15:00,-2.28985141959015e-09,-1.2690487771749304e-08,-4.001275755172173e-09,-1.4555859850773345e-09
17/05/28 00:30:00,-2.2702215662917524e-09,-1.2444551167334339e-08,-3.956309946318015e-09,-1.4459226038709971e-09
17/05/28 00:45:00,-1.4285524985169218e-09,-1.0768263614124862e-08,-2.903385087904553e-09,-5.161732707925637e-10
17/05/28 01:00:00,-1.4397263381482617e-09,-1.0568656172438295e-08,-2.8928843764930434e-09,-5.442384876097606e-10
17/05/28 01:15:00,-1.5218699633834376e-09,-1.0482882117912595e-08,-2.968276069381659e-09,-6.556767906396033e-10
17/05/28 01:30:00,-2.1883801437638795e-09,-1.1401769306473852e-08,-3.756926325593213e-09,-1.4247452106985747e-09
17/05/28 01:45:00,-1.3180211366758954e-09,-9.657445509958507e-09,-2.664555465159424e-09,-4.683699539320685e-10
17/05/28 02:00:00,-1.190477161294723e-09,-9.206076789780582e-09,-2.4821347199832644e-09,-3.450064678389708e-10
17/05/28 02:15:00,-1.2867138465821881e-09,-9.134070388938653e-09,-2.571796775541202e-09,-4.758745619781735e-10
17/05/28 02:30:00,-8.55259030263511e-10,-8.151381791776657e-09,-2.083583083845042e-09,-1.4083995254765558e-11
17/05/28 02:45:00,-5.735953378938063e-10,-7.475890129171603e-09,-1.8159025394481887e-09,2.7910984634615943e-10
17/05/28 03:00:00,-8.969348042064951e-10,-7.76328423768291e-09,-2.0282546753236375e-09,-1.0825144253212571e-10
17/05/28 03:15:00,-7.426640191710021e-09,-1.8811372015647976e-08,-8.836827269931291e-09,-7.170486870933246e-09
17/05/28 03:30:00,-1.8223581532694766e-09,-8.857424127484137e-09,-3.0734204070625992e-09,-1.2088591239134416e-09
17/05/28 03:45:00,-2.4532325060278026e-09,-9.784517196465004e-09,-3.82437459478524e-09,-1.9344419399658364e-09
17/05/28 04:00:00,-1.0604165323613302e-09,-7.1697532355585736e-09,-2.0899635355675628e-09,-3.9609951429930845e-10
17/05/28 04:15:00,-1.4200963738275618e-09,-7.630918119616581e-09,-2.505223140047974e-09,-8.225258807392777e-10
17/05/28 04:30:00,-4.514370544050905e-10,-5.849254414158622e-09,-1.420615847180784e-09,2.409699662031528e-10
17/05/28 04:45:00,-4.149456056534717e-10,-5.658868040825382e-09,-1.3591507919130663e-09,2.6009130960069626e-10
17/05/28 05:00:00,-3.4754965572147967e-10,-5.413847148361128e-09,-1.2725052123130354e-09,3.128805825536318e-10
17/05/28 05:15:00,4.806805647961099e-11,-4.709440837302736e-09,-8.93371876475868e-10,7.35914440497254e-10
17/05/28 05:30:00,-1.0437060105061846e-09,-6.245042705188553e-09,-1.928948556439991e-09,-5.124209945250868e-10
17/05/28 05:45:00,6.908713601205818e-10,-3.4813525395804845e-09,9.442995690944755e-11,1.508950853157387e-09
17/05/28 06:00:00,-1.273274929936008e-09,-6.3437877173555535e-09,-2.1699997354573952e-09,-8.098811621337632e-10
17/05/28 06:15:00,-1.3952318467236324e-10,-4.296101696610322e-09,-9.555843893949145e-10,4.4194961579258063e-10
17/05/28 06:30:00,7.768401477648013e-10,-2.8621194303468656e-09,2.489549955075887e-10,1.564005480680919e-09
17/05/28 06:45:00,6.359580084769334e-10,-2.8976676613723384e-09,1.212292627394973e-10,1.364768631439972e-09
17/05/28 07:00:00,1.2417412653675797e-09,-1.8895498499205132e-09,7.780343591612393e-10,2.1268058425505387e-09
17/05/28 07:15:00,6.007751518488647e-10,-2.624434447540125e-09,1.2294039397620082e-10,1.2838007323878742e-09
17/05/28 07:30:00,-8.594870370970398e-10,-4.70409977637587e-09,-1.5440474454564423e-09,-4.5916906388221435e-10
17/05/28 07:45:00,-4.693052613191639e-10,-3.8666185808722275e-09,-1.0450490472990737e-09,-4.0915548726871975e-11
17/05/28 08:00:00,-7.974767513019287e-10,-4.285623855793119e-09,-1.4274933457514294e-09,-4.2760861518331694e-10
17/05/28 08:15:00,-9.43568334577094e-10,-4.387281204998317e-09,-1.586152320598444e-09,-6.10931805145043e-10
17/05/28 08:30:00,-1.8812982283122892e-09,-5.86726889295619e-09,-2.5463264829994614e-09,-1.6832687466106222e-09
17/05/28 08:45:00,-3.7150313936251678e-09,-8.89911877521854e-09,-4.325475977395854e-09,-3.5014715571435318e-09
17/05/28 09:00:00,-3.413888949310717e-09,-8.250524707875684e-09,-3.987449925801911e-09,-3.2323785870147503e-09
17/05/28 09:15:00,-4.367096018143002e-09,-9.760775299128e-09,-4.922450447253368e-09,-4.257918906347413e-09
17/05/28 09:30:00,-5.0722115396695244e-09,-1.0702387420735704e-08,-5.637603273100922e-09,-5.032139149818704e-09
17/05/28 09:45:00,-6.123819673575781e-09,-1.2138703375796922e-08,-6.726332824058545e-09,-5.975314465445081e-09
17/05/28 10:00:00,-6.050182577155283e-09,-1.2249740777292573e-08,-6.635440197300113e-09,-5.891885646036599e-09
17/05/28 10:15:00,-6.436086330552371e-09,-1.299041407776258e-08,-7.0309766897480586e-09,-6.233503047070599e-09
17/05/28 10:30:00,-5.893898702424849e-09,-1.261828952436872e-08,-6.45383035902114e-09,-5.729324126235724e-09
17/05/28 10:45:00,-6.6711915991390924e-09,-1.3892846872920472e-08,-7.293575077227388e-09,-6.436055244307681e-09
17/05/28 11:00:00,-6.770196847583065e-09,-1.4323172869978862e-08,-7.427523485148413e-09,-6.524363271864786e-09
17/05/28 11:15:00,-6.945456654250393e-09,-1.486193390576318e-08,-7.644731070399757e-09,-6.687190357013151e-09
17/05/28 11:30:00,-6.093720639199773e-09,-1.3217102079465803e-08,-6.659487628013494e-09,-5.9145857100872945e-09
17/05/28 11:45:00,-7.528716317040107e-09,-1.6228506538595866e-08,-8.304460230590394e-09,-7.23608017949573e-09
17/05/28 12:00:00,-7.791856937444663e-09,-1.6842465200284096e-08,-8.5908489211306e-09,-7.485571273946334e-09
17/05/28 12:15:00,-7.539386004395965e-09,-1.6311171080474196e-08,-8.32772073522392e-09,-7.268433410700936e-09
17/05/28 12:30:00,-7.910642807473778e-09,-1.711046415664441e-08,-8.736103396245198e-09,-7.623363273978612e-09
17/05/28 12:45:00,-8.702683906847142e-09,-1.880689026734217e-08,-9.593388305972894e-09,-8.363455705762135e-09
17/05/28 13:00:00,-8.636445336662746e-09,-1.8675020641012452e-08,-9.533944300699204e-09,-8.319965161263099e-09
17/05/28 13:15:00,-9.695452440894314e-09,-2.0933644151455155e-08,-1.067926547193565e-08,-9.30710797319989e-09
17/05/28 13:30:00,-1.0309817888298767e-08,-2.207781868435177e-08,-1.1348801010058196e-08,-9.887025420596274e-09
17/05/28 13:45:00,-9.574351089725042e-09,-2.0707506820372146e-08,-1.0575915254662505e-08,-9.235400888485401e-09
17/05/28 14:00:00,-9.557640900936804e-09,-2.068646232089577e-08,-1.0570129660436578e-08,-9.243569465411383e-09
17/05/28 14:15:00,-9.33506871803047e-09,-2.0226364583209033e-08,-1.0304324504772922e-08,-9.06302677350368e-09
17/05/28 14:30:00,-9.124272892790941e-09,-1.9923776406471916e-08,-1.0050577259335114e-08,-8.895215231063958e-09
17/05/28 14:45:00,-9.571935244423457e-09,-2.088025574664698e-08,-1.054601295180646e-08,-9.32991461866095e-09
17/05/28 15:00:00,-9.411171397744056e-09,-2.0780715814794348e-08,-1.0384606063951196e-08,-9.208351414713434e-09
17/05/28 15:15:00,-1.1353221474053043e-08,-2.4590681491076793e-08,-1.2543588390201421e-08,-1.1009840150677519e-08
17/05/28 15:30:00,-1.2676879990181078e-08,-2.7426045434708612e-08,-1.4013055604777946e-08,-1.2243080327323241e-08
17/05/28 15:45:00,-1.2451690345471889e-08,-2.6962364785276804e-08,-1.3765767192808198e-08,-1.2062219667541285e-08
17/05/28 16:00:00,-1.3183633740254663e-08,-2.853990466178402e-08,-1.458195164616427e-08,-1.2758397005541156e-08
17/05/28 16:15:00,-1.284016004632349e-08,-2.7823899628742765e-08,-1.4174802664967956e-08,-1.2469657306724002e-08
17/05/28 16:30:00,-1.4272639070611604e-08,-3.089479960749486e-08,-1.5787458451654857e-08,-1.3806640275504378e-08
17/05/28 16:45:00,-1.2462058940343468e-08,-2.7283872938710374e-08,-1.3711705548757891e-08,-1.2177949315628211e-08
17/05/28 17:00:00,-1.2786203207326707e-08,-2.806907062335995e-08,-1.408842464911686e-08,-1.250636039173969e-08
17/05/28 17:15:00,-1.2232942658840784e-08,-2.732887871559342e-08,-1.3601870740842514e-08,-1.202965460578298e-08
17/05/28 17:30:00,-1.3475363935810947e-08,-2.9706175297405935e-08,-1.4880129128869157e-08,-1.3197551496091364e-08
17/05/28 17:45:00,-1.398191518120484e-08,-3.079528809735166e-08,-1.5434274303061102e-08,-1.3691017208827816e-08
17/05/28 18:00:00,-1.2850831510036187e-08,-2.9063405904139472e-08,-1.4443552132092918e-08,-1.269008365056834e-08
17/05/28 18:15:00,-1.3170144086416258e-08,-2.984171842967953e-08,-1.482994971269136e-08,-1.30170105805405e-08
17/05/28 18:30:00,-1.244434155722729e-08,-2.8799732376683096e-08,-1.4290455929710788e-08,-1.2386706771394529e-08
17/05/28 18:45:00,-1.0970992114778255e-08,-2.6471143499406935e-08,-1.2685147154911647e-08,-1.0935433003567141e-08
17/05/28 19:00:00,-1.0069830302938954e-08,-2.5127361524823755e-08,-1.1554315726414188e-08,-1.000645877269335e-08
17/05/28 19:15:00,-9.883396323573379e-09,-2.5002936610007964e-08,-1.1417694345539076e-08,-9.807251011295648e-09
17/05/28 19:30:00,-8.787947258781514e-09,-2.3287999084686817e-08,-1.0383188531193355e-08,-8.681047880543247e-09
17/05/28 19:45:00,-8.447897492658285e-09,-2.2863368087655545e-08,-1.00939212543949e-08,-8.321744182637758e-09
17/05/28 20:00:00,-8.225023329089254e-09,-2.2610285199675673e-08,-9.914508325437055e-09,-8.058859357618076e-09
17/05/28 20:15:00,-8.005973661795451e-09,-2.233549167840465e-08,-9.734853811949051e-09,-7.914888300319944e-09
17/05/28 20:30:00,-7.15755987812372e-09,-2.094458473322902e-08,-8.928933148411033e-09,-7.197435536454577e-09
17/05/28 20:45:00,-6.592823176276852e-09,-2.0022786983986407e-08,-8.40004776847536e-09,-6.542169916912144e-09
17/05/28 21:00:00,-6.394511142815418e-09,-1.9705636233879886e-08,-8.225191194810577e-09,-6.300788779611821e-09
17/05/28 21:15:00,-5.425700777550446e-09,-1.8029085779858178e-08,-7.284590708422911e-09,-5.195452512651855e-09
17/05/28 21:30:00,-4.868513592271029e-09,-1.7048781941753077e-08,-6.745990432932558e-09,-4.553859511702285e-09
17/05/28 21:45:00,-4.2729730864721205e-09,-1.597634913252932e-08,-6.163376919943175e-09,-3.8723793061024026e-09
17/05/28 22:00:00,-3.7125649221536605e-09,-1.4945479520633853e-08,-5.611105358127588e-09,-3.2321227916298767e-09
17/05/28 22:15:00,-3.0706175380146306e-09,-1.3752065264327484e-08,-4.832737765525508e-09,-2.502839047124894e-09
17/05/28 22:30:00,-2.3013273509064902e-09,-1.2318802866673195e-08,-3.890073152490459e-09,-1.6325097940139699e-09
17/05/28 22:45:00,-3.237622614449265e-09,-1.3812953447711607e-08,-5.031583150127972e-09,-2.6816133757989746e-09
17/05/28 23:00:00,-3.454658781265607e-09,-1.4031887651810848e-08,-5.288453230889445e-09,-2.927517783746225e-09
17/05/28 23:15:00,-2.2799861998379356e-09,-1.1836724489455719e-08,-3.841068352272714e-09,-1.6094819921264047e-09
17/05/28 23:30:00,-2.472962945532231e-09,-1.2000329618899741e-08,-4.06603151148488e-09,-1.8294801229501445e-09
17/05/28 23:45:00,-2.1003978556422e-09,-1.116536285650227e-08,-3.594430308950791e-09,-1.4180630003579608e-09
17/05/29 00:00:00,-1.1190041115938243e-09,-9.278878998486562e-09,-2.3855515340898137e-09,-3.230066492054817e-10
17/05/29 00:15:00,-1.3229537465520025e-09,-9.438512194037685e-09,-2.6096271810160943e-09,-5.620233722858359e-10
17/05/29 00:30:00,-6.40840325250025e-10,-8.15250089658548e-09,-1.9392225603098723e-09,1.9203579004756222e-10
17/05/29 00:45:00,-4.0447631355355895e-10,-7.599473939023937e-09,-1.7167399724016263e-09,4.445196710722854e-10
17/05/29 01:00:00,3.3401006960254165e-10,-6.3359566482290575e-09,-8.761508185628486e-10,1.2921396175258337e-09
17/05/29 01:15:00,3.8570208138466455e-10,-6.0304556903645334e-09,-7.663003565028248e-10,1.3425316414128474e-09
17/05/29 01:30:00,6.114457828942932e-10,-5.469793951107249e-09,-3.960420602577841e-10,1.6155332627221242e-09
17/05/29 01:45:00,6.931363261131196e-10,-5.10596009917208e-09,-2.3777446678252545e-10,1.7020903575470925e-09
17/05/29 02:00:00,1.9310271159866943e-09,-3.1244375975347793e-09,1.205940347581702e-09,3.277094595688368e-09
17/05/29 02:15:00,1.86398341206484e-09,-2.965782286423746e-09,1.160981755177204e-09,3.1717077852988496e-09
17/05/29 02:30:00,2.3379194136197157e-09,-2.038423652095389e-09,1.7187465894963339e-09,3.760272093700223e-09
17/05/29 02:45:00,2.7083204567901475e-09,-1.2562405560245793e-09,2.133439647167279e-09,4.2158925239732525e-09
17/05/29 03:00:00,2.3323578624001584e-09,-1.506689439878528e-09,1.766172541550759e-09,3.7086846926825956e-09
17/05/29 03:15:00,2.1051291820839424e-09,-1.540687022405507e-09,1.5563804689477934e-09,3.391448233358574e-09
17/05/29 03:30:00,2.2061474869161657e-09,-1.1158365342822663e-09,1.691350837162986e-09,3.4967451156830975e-09
17/05/29 03:45:00,2.233629503578527e-09,-7.967363990779575e-10,1.749345002188818e-09,3.5068774550950366e-09
17/05/29 04:00:00,2.244878949397844e-09,-5.138354741696105e-10,1.7908317051507083e-09,3.4955198735531212e-09
17/05/29 04:15:00,2.7760309606605915e-09,4.435995459850517e-10,2.3780080127266956e-09,4.153410504414978e-09
17/05/29 04:30:00,2.680033306390328e-09,5.640969913400795e-10,2.3067381338393034e-09,4.003788411921505e-09
17/05/29 04:45:00,3.054397623714067e-09,1.3535513820883693e-09,2.729612091911804e-09,4.538491360506214e-09
17/05/29 05:00:00,2.7923765522075428e-09,1.2319943953897905e-09,2.4839594825465383e-09,4.12497280777302e-09
17/05/29 05:15:00,3.300347106716117e-09,2.0239654396903006e-09,3.1419302715107733e-09,4.8117065887254284e-09
17/05/29 05:30:00,3.1412339396297284e-09,1.9418548991012585e-09,2.9977562654437406e-09,4.579162382611912e-09
17/05/29 05:45:00,3.222371702804594e-09,2.0510879661372883e-09,3.2208364864061423e-09,4.642900286455642e-09
17/05/29 06:00:00,2.927435849287008e-09,1.859843168361408e-09,2.9254587641247554e-09,4.230991113018945e-09
17/05/29 06:15:00,2.833580481365061e-09,1.828261320113711e-09,2.8326665457711897e-09,4.529299157951527e-09
17/05/29 06:30:00,3.1818911949699213e-09,2.146436361982751e-09,3.185278041328843e-09,5.2312230103268575e-09
17/05/29 06:45:00,3.670562076507622e-09,2.636320495241762e-09,3.7069487479612917e-09,5.918403100935166e-09
17/05/29 07:00:00,1.435410235117729e-09,8.369399617791373e-10,1.4290677530226503e-09,2.3148207795031794e-09
17/05/29 07:15:00,1.4147610860604232e-09,8.628021075374193e-10,1.4101015910483738e-09,2.2360187035275203e-09
17/05/29 07:30:00,-4.666942388098505e-10,-1.2733093468497714e-09,-7.252041189786951e-10,-2.751968930514437e-10
17/05/29 07:45:00,-7.207597296776669e-10,-1.5675265530035176e-09,-9.354328422972458e-10,-5.879329245672693e-10
17/05/29 08:00:00,-1.6589000173539148e-09,-3.1150986234962375e-09,-1.8672967616595315e-09,-1.469688926114543e-09
17/05/29 08:15:00,-1.1707402824967517e-09,-2.2257844456419207e-09,-1.3328084191854828e-09,-1.0487699597661049e-09
17/05/29 08:30:00,-2.1510957459724978e-09,-3.855654462370239e-09,-2.342533056420848e-09,-1.9597241607272053e-09
17/05/29 08:45:00,-2.6465931668440135e-09,-4.657198626745185e-09,-2.8433950749473524e-09,-2.3552904071522107e-09
17/05/29 09:00:00,-3.4019096428750117e-09,-5.911529932234316e-09,-3.71182640179768e-09,-2.9948130642054593e-09
17/05/29 09:15:00,-4.521819807479233e-09,-7.794387357762389e-09,-4.98920371683198e-09,-3.965380024339993e-09
17/05/29 09:30:00,-4.657090268977981e-09,-8.001073581453966e-09,-5.158006022298878e-09,-4.081182058968125e-09
17/05/29 09:45:00,-3.952880245350343e-09,-6.830092047493963e-09,-4.379428375500538e-09,-3.474446952367316e-09
17/05/29 10:00:00,-5.517835077739619e-09,-9.601521355762088e-09,-6.148666464866892e-09,-4.876380632623523e-09
17/05/29 10:15:00,-3.3294553780649494e-09,-5.891160892446123e-09,-3.699078821028934e-09,-2.981227709142331e-09
17/05/29 10:30:00,-3.138768356336641e-09,-5.743478137532065e-09,-3.487099498045154e-09,-2.8666016227418822e-09
17/05/29 10:45:00,-4.796361530168269e-09,-8.66152127798614e-09,-5.3543081079965305e-09,-4.3746379851938855e-09
17/05/29 11:00:00,-4.019772958940848e-09,-7.434485915780442e-09,-4.484493221212915e-09,-3.7069851632764994e-09
17/05/29 11:15:00,-5.615909071110536e-09,-1.032894036967491e-08,-6.27647578355095e-09,-5.179638051799884e-09
17/05/29 11:30:00,-5.489019461180078e-09,-1.019367523724668e-08,-6.133323182666572e-09,-5.075577291790978e-09
17/05/29 11:45:00,-6.175461475521615e-09,-1.1484533324335189e-08,-6.8996670599119625e-09,-5.719459128528115e-09
17/05/29 12:00:00,-5.9296350052306934e-09,-1.1060875770851908e-08,-6.618244174916299e-09,-5.510913503314896e-09
17/05/29 12:15:00,-5.895458787819052e-09,-1.1299185587176908e-08,-6.571366117924526e-09,-5.49834311414088e-09
17/05/29 12:30:00,-6.776186722845523e-09,-1.2748671451845439e-08,-7.552773517716105e-09,-6.32223562391232e-09
17/05/29 12:45:00,-7.411590896566622e-09,-1.3895123274210164e-08,-8.25841350859946e-09,-6.921246686886207e-09
17/05/29 13:00:00,-7.897405396306567e-09,-1.4880467524847063e-08,-8.794581063398255e-09,-7.385064559883858e-09
17/05/29 13:15:00,-8.610775203976573e-09,-1.617485878568914e-08,-9.585237492615306e-09,-8.057533307237463e-09
17/05/29 13:30:00,-8.174287025042304e-09,-1.6083493648011427e-08,-9.083148455601986e-09,-7.68011521046219e-09
17/05/29 13:45:00,-8.190394140683566e-09,-1.6577384798210915e-08,-9.08674735455861e-09,-7.718832684133758e-09
17/05/29 14:00:00,-9.339598427970941e-09,-1.8459960671179942e-08,-1.036427832445952e-08,-8.792745198604734e-09
17/05/29 14:15:00,-1.1447244041562499e-08,-2.154039080437542e-08,-1.2720623665529729e-08,-1.0742528644414051e-08
17/05/29 14:30:00,-9.530158884274442e-09,-1.9666238415538828e-08,-1.0551893581123295e-08,-9.01412633425025e-09
17/05/29 14:45:00,-1.0445917908441515e-08,-2.1359578994406547e-08,-1.1561726687148166e-08,-9.881828688662608e-09
17/05/29 15:00:00,-9.85762582672578e-09,-2.117489827924146e-08,-1.088446133223897e-08,-9.371284193093743e-09
17/05/29 15:15:00,-9.653072119419903e-09,-2.080378003199712e-08,-1.0634033209555582e-08,-9.215670893070183e-09
17/05/29 15:30:00,-1.117333159328382e-08,-2.3840415863674025e-08,-1.2323701170657841e-08,-1.0636346914338901e-08
17/05/29 15:45:00,-1.0211768319834391e-08,-2.2033841418078737e-08,-1.1229443153126795e-08,-9.788056587467509e-09
17/05/29 16:00:00,-1.0492425595032273e-08,-2.2654019105061707e-08,-1.1554323720019966e-08,-1.007955408027783e-08
17/05/29 16:15:00,-1.0693456786725619e-08,-2.3103369883870073e-08,-1.1792568699320327e-08,-1.0296691499434019e-08
17/05/29 16:30:00,-1.1533615840164657e-08,-2.491554873529367e-08,-1.2714829189519605e-08,-1.1098413743582114e-08
17/05/29 16:45:00,-9.719612670266997e-09,-2.1400719418807057e-08,-1.073915445459761e-08,-9.474496742711835e-09
17/05/29 17:00:00,-9.60646406866772e-09,-2.1439635844444638e-08,-1.065533705713051e-08,-9.408623213857936e-09
17/05/29 17:15:00,-9.360435981875526e-09,-2.1228643731774355e-08,-1.0539077166527022e-08,-9.218322993831407e-09
17/05/29 17:30:00,-9.635455988643571e-09,-2.1914301484571297e-08,-1.0879493750337588e-08,-9.504197429066608e-09
17/05/29 17:45:00,-1.0085734913900524e-08,-2.288719436194242e-08,-1.1366867447293316e-08,-9.94876181437121e-09
17/05/29 18:00:00,-8.962099506959476e-09,-2.1126986382569157e-08,-1.0465272204385201e-08,-8.954299524077669e-09
17/05/29 18:15:00,-7.130883439288027e-09,-1.814530392607594e-08,-8.231547887760371e-09,-7.085905195935993e-09
17/05/29 18:30:00,-9.250609167565926e-09,-2.1976777730969843e-08,-1.0883975498643395e-08,-9.238906528707957e-09
17/05/29 18:45:00,-7.692700698669341e-09,-1.941204885724801e-08,-8.867409917456825e-09,-7.642280586139805e-09
17/05/29 19:00:00,-9.617436624864695e-09,-2.287819356183718e-08,-1.124352611014956e-08,-9.597065364630453e-09
17/05/29 19:15:00,-8.766305015228681e-09,-2.150078870499783e-08,-1.0078403889224319e-08,-8.722589761589461e-09
17/05/29 19:30:00,-7.376307564754825e-09,-1.9205293355639697e-08,-8.659212902273339e-09,-7.296289350477991e-09
17/05/29 19:45:00,-5.6007589677165015e-09,-1.623234524572581e-08,-6.938116747789991e-09,-5.645643064156047e-09
17/05/29 20:00:00,-5.225073262948854e-09,-1.5669789021899305e-08,-6.595959778366023e-09,-5.2282462803532326e-09
17/05/29 20:15:00,-4.911699491572108e-09,-1.519300596442008e-08,-6.309929911907375e-09,-4.858875524149653e-09
17/05/29 20:30:00,-4.440078971157391e-09,-1.4425015848473777e-08,-5.8648743639366785e-09,-4.312786572313598e-09
17/05/29 20:45:00,-4.535912978553824e-09,-1.4618005472755158e-08,-5.9761680049064125e-09,-4.405925846384662e-09
17/05/29 21:00:00,-3.6700840144732183e-09,-1.312120723184762e-08,-5.133669045420675e-09,-3.419943661597813e-09
17/05/29 21:15:00,-3.920742397411914e-09,-1.3538426379966495e-08,-5.3904365415746724e-09,-3.689698324649271e-09
17/05/29 21:30:00,-2.828515643926721e-09,-1.1603495053691404e-08,-4.29853397321267e-09,-2.4527739839186324e-09
17/05/29 21:45:00,-2.4465887094038408e-09,-1.0888188128888032e-08,-3.834875528241355e-09,-2.0141139867035918e-09
17/05/29 22:00:00,-1.2655740899703005e-09,-8.778057392078153e-09,-2.390452946698929e-09,-6.808635322208545e-10
17/05/29 22:15:00,-1.7404160335132701e-09,-9.497812314407383e-09,-2.970699242155206e-09,-1.209373157173843e-09
17/05/29 22:30:00,-1.6098520294605123e-09,-9.152865132477928e-09,-2.8051070355417096e-09,-1.062056664835609e-09
17/05/29 22:45:00,-5.086657761665947e-10,-7.296000692491589e-09,-1.6504042577025757e-09,1.7569012911167192e-10
17/05/29 23:00:00,1.0056541710490308e-10,-6.279174957768419e-09,-1.06865849502924e-09,8.606692580848119e-10
17/05/29 23:15:00,-8.840495557826955e-10,-7.47657846744687e-09,-1.9097075032448174e-09,-2.5114743618104285e-10
17/05/29 23:30:00,4.2073389217023305e-10,-5.440925932020946e-09,-5.559677718203204e-10,1.2606969912454247e-09
17/05/29 23:45:00,6.582555056589001e-10,-4.910921447276451e-09,-1.8396846546142598e-10,1.5598209390788043e-09
17/05/30 00:00:00,-2.5921516669247247e-11,-5.645865552850182e-09,-1.1126477517109379e-09,6.895503612547316e-10
17/05/30 00:15:00,6.370149963075278e-10,-4.4930490439298865e-09,-1.5926245044983744e-10,1.509429026214093e-09
17/05/30 00:30:00,7.202658608429502e-11,-5.056216334509145e-09,-9.54669232555716e-10,7.747225638787825e-10
17/05/30 00:45:00,4.660336561101985e-10,-4.271170084280129e-09,-3.4861979969491586e-10,1.2606371502243974e-09
17/05/30 01:00:00,1.3172156698715298e-09,-2.8590179113052727e-09,7.148238667653573e-10,2.341943305950167e-09
17/05/30 01:15:00,1.3324162884131852e-09,-2.616621141982023e-09,7.518989320054459e-10,2.3451114383732374e-09
17/05/30 01:30:00,4.71721273154202e-10,-3.5916956075965345e-09,-2.361163486952478e-10,1.2179564023995226e-09
17/05/30 01:45:00,2.1945458783534377e-09,-9.630859443277018e-10,1.7280629149851734e-09,3.417301774888415e-09
17/05/30 02:00:00,1.8163685000516239e-09,-1.284094719444795e-09,1.353022471839438e-09,2.9128435219405446e-09
17/05/30 02:15:00,2.071934623870675e-09,-7.075720565019594e-10,1.6457880613884868e-09,3.2208147260348596e-09
17/05/30 02:30:00,1.7173382715895968e-09,-9.86168480210381e-10,1.297270069144929e-09,2.7438538108270905e-09
17/05/30 02:45:00,2.0998693894824783e-09,-2.548777855437834e-10,1.7232882898454704e-09,3.2150164752664523e-09
17/05/30 03:00:00,1.8337711349403207e-09,-4.0178099736110084e-10,1.467642340990949e-09,2.851422653549207e-09
17/05/30 03:15:00,2.4861628311612094e-09,6.684516273836039e-10,2.176498536954341e-09,3.669889281354699e-09
17/05/30 03:30:00,3.042330387614811e-09,1.6116336043481283e-09,2.7830062698797065e-09,4.444430157235502e-09
17/05/30 03:45:00,3.4497891210349962e-09,2.1790744764160763e-09,3.3306197799731763e-09,4.954508803223234e-09
17/05/30 04:00:00,1.9942076878720627e-09,6.534395247115299e-10,1.7300062493674773e-09,2.973165935671318e-09
17/05/30 04:15:00,3.9290273257108765e-09,2.636811435863251e-09,3.93464372194785e-09,5.967104588222583e-09
17/05/30 04:30:00,2.525385012219772e-09,1.5547741982757657e-09,2.4232265083412585e-09,3.6910317025018458e-09
17/05/30 04:45:00,2.331772552821576e-09,1.4409075044241604e-09,2.2998722926104165e-09,3.421635197398132e-09
17/05/30 05:00:00,2.121603781546355e-09,1.310208719296213e-09,2.1181645326606713e-09,3.1385765097979856e-09
17/05/30 05:15:00,2.830245815488297e-09,1.9099448689274823e-09,2.833515200251213e-09,4.656557361926161e-09
17/05/30 05:30:00,2.3703718987633238e-09,1.5787354756824357e-09,2.3715989172501395e-09,3.861448494291153e-09
17/05/30 05:45:00,2.6398674357608343e-09,1.8728154582703382e-09,2.7442710326397446e-09,4.351477844721785e-09
17/05/30 06:00:00,2.7272080149742806e-09,2.023037737330924e-09,2.8622204606421064e-09,4.471272241346469e-09
17/05/30 06:15:00,2.5547794990643524e-09,1.9425057118382938e-09,2.7068749464120856e-09,4.256556440651593e-09
17/05/30 06:30:00,2.3140238614161035e-09,1.798879933900821e-09,2.5335875619703074e-09,3.955527905219469e-09
17/05/30 06:45:00,2.2070787419892213e-09,1.7698968957091665e-09,2.507524188288812e-09,3.784721425148518e-09
17/05/30 07:00:00,1.9663608519238096e-09,1.6196092245124305e-09,2.2357280471396734e-09,3.3843257085663936e-09
17/05/30 07:15:00,2.199251891710219e-09,1.8828900660849968e-09,2.513303121176591e-09,3.734914155728575e-09
17/05/30 07:30:00,2.2775701324917463e-09,2.0049295557100777e-09,2.6109565620657804e-09,3.982306928662638e-09
17/05/30 07:45:00,1.3652711183809174e-09,1.2015095585127256e-09,1.5588554891365902e-09,2.8547852970461918e-09
17/05/30 08:00:00,1.0584032539284749e-09,9.418620328105476e-10,1.2598478926761913e-09,2.2158546109096733e-09
17/05/30 08:15:00,1.8094602483031963e-09,1.6466973340456548e-09,2.104670659974772e-09,3.763116929178523e-09
17/05/30 08:30:00,1.0183884846526325e-09,9.397803646393754e-10,1.200930466183081e-09,2.1865589339142844e-09
17/05/30 08:45:00,6.874990021721317e-10,6.545817776704155e-10,8.129780737498038e-10,1.6940240321616784e-09
17/05/30 09:00:00,1.18938237037014e-09,1.1279193135038668e-09,1.363127721809576e-09,2.6251547602385017e-09
17/05/30 09:15:00,8.156846864615375e-10,7.988451011797792e-10,9.541450962657905e-10,2.0292085789463954e-09
17/05/30 09:30:00,9.031760894728791e-10,8.911179572024253e-10,1.0599677802147767e-09,2.227625861550564e-09
17/05/30 09:45:00,1.6706921401876684e-09,1.6024105375933573e-09,1.8684551683634254e-09,3.5963423350438006e-09
17/05/30 10:00:00,1.2077790989550863e-09,1.1871892358072955e-09,1.3915325558500058e-09,2.8101367899324714e-09
17/05/30 10:15:00,1.3169011436886535e-09,1.2952939831833987e-09,1.5007538545219745e-09,3.025033334935756e-09
17/05/30 10:30:00,7.079468122839216e-10,7.046810912569867e-10,8.496050529771537e-10,1.990425158027165e-09
17/05/30 10:45:00,8.906935189401111e-10,8.88408790977735e-10,1.0529660476876757e-09,2.3279262961750646e-09
17/05/30 11:00:00,-4.593519176143701e-10,-6.446501110701774e-10,-4.015047461169985e-10,2.477663629818494e-10
17/05/30 11:15:00,-3.8475836405815755e-10,-5.5616522498525e-10,-3.177742236015746e-10,3.7197533941935035e-10
17/05/30 11:30:00,-1.4923369207053838e-09,-2.2079986727874257e-09,-1.4983789764499988e-09,-1.0347536161248172e-09
17/05/30 11:45:00,-2.2315720382692916e-09,-3.3441374114318023e-09,-2.2427182333473183e-09,-1.6166397109884656e-09
17/05/30 12:00:00,-2.518411923446706e-09,-3.783405144730523e-09,-2.5457866925648887e-09,-1.8413248703552654e-09
17/05/30 12:15:00,-1.71116854019715e-09,-2.5347726140267923e-09,-1.717976094717244e-09,-1.1987900672139062e-09
17/05/30 12:30:00,-3.7809240183150905e-09,-6.123334284069415e-09,-3.955332061877925e-09,-2.9554532154918434e-09
17/05/30 12:45:00,-4.402241238210536e-09,-7.267079826789313e-09,-4.7563113447779415e-09,-3.5148599586420914e-09
17/05/30 13:00:00,-3.7459360058278435e-09,-6.151896769779341e-09,-4.070383141652201e-09,-2.9654871891438006e-09
17/05/30 13:15:00,-2.419937139563899e-09,-3.899417677644124e-09,-2.5898414524050395e-09,-1.838444063650968e-09
17/05/30 13:30:00,-3.992165265032099e-09,-6.606045488410928e-09,-4.5200607701190165e-09,-3.269262860428057e-09
17/05/30 13:45:00,-3.7544420905533116e-09,-6.215411740839727e-09,-4.305513279234674e-09,-3.104671408848958e-09
17/05/30 14:00:00,-3.252143665477547e-09,-5.383471890496594e-09,-3.7360110560769044e-09,-2.7205595554136153e-09
17/05/30 14:15:00,-4.038974932285555e-09,-6.851213818492852e-09,-4.614590043416911e-09,-3.4725853303996246e-09
17/05/30 14:30:00,-4.0058809602783185e-09,-6.921897721667847e-09,-4.571695466637493e-09,-3.5017482247212683e-09
17/05/30 14:45:00,-4.415969812043841e-09,-7.766725929059248e-09,-5.024491045446666e-09,-3.924950586764453e-09
17/05/30 15:00:00,-5.006275394237036e-09,-8.91857787621575e-09,-5.679730907814928e-09,-4.504711270669759e-09
17/05/30 15:15:00,-5.932504265615535e-09,-1.0650325954486561e-08,-6.711692090988208e-09,-5.379789058679307e-09
17/05/30 15:30:00,-4.617301652132255e-09,-8.501146453454567e-09,-5.223465660009197e-09,-4.230629180312917e-09
17/05/30 15:45:00,-5.9466476187708395e-09,-1.095569501785576e-08,-6.70434152638677e-09,-5.467528207958594e-09
17/05/30 16:00:00,-5.598192132083568e-09,-1.0376204784279253e-08,-6.302587785000924e-09,-5.167227534741414e-09
17/05/30 16:15:00,-8.651696248307417e-09,-1.591201836959044e-08,-9.721760285685832e-09,-7.97914267991473e-09
17/05/30 16:30:00,-5.475178088687471e-09,-1.0837158725962581e-08,-6.141803954307079e-09,-5.0930801798187986e-09
17/05/30 16:45:00,-4.851551604900806e-09,-1.0395621252712317e-08,-5.421567195185162e-09,-4.551084398229932e-09
17/05/30 17:00:00,-7.335638319005966e-09,-1.3954949196204325e-08,-8.199558365618032e-09,-6.843917432775015e-09
17/05/30 17:15:00,-6.0779159483104195e-09,-1.2744444610746086e-08,-6.773630989442836e-09,-5.714844597548563e-09
17/05/30 17:30:00,-7.105767529935747e-09,-1.437113184010741e-08,-7.911299171325936e-09,-6.680560549199299e-09
17/05/30 17:45:00,-6.063722413074402e-09,-1.303709407096676e-08,-6.72551880853689e-09,-5.7511222451012145e-09
17/05/30 18:00:00,-7.061021101151255e-09,-1.5005484854668794e-08,-7.828285575328664e-09,-6.689576892426885e-09
17/05/30 18:15:00,-5.684714476927866e-09,-1.2262316495537107e-08,-6.2655272081713065e-09,-5.455647933416685e-09
17/05/30 18:30:00,-5.406624481452127e-09,-1.1772394614695258e-08,-5.973973760120543e-09,-5.229228605685421e-09
17/05/30 18:45:00,-5.525158552899256e-09,-1.2133887672405308e-08,-6.118933804089011e-09,-5.362884358817155e-09
17/05/30 19:00:00,-6.5730927367724235e-09,-1.4206815279749208e-08,-7.257074496891391e-09,-6.345147962605324e-09
17/05/30 19:15:00,-5.9885247871704905e-09,-1.3217305472323915e-08,-6.6310765767241264e-09,-5.833861838056009e-09
17/05/30 19:30:00,-5.245508472029314e-09,-1.2070483279558175e-08,-5.984205131426279e-09,-5.179585205183912e-09
17/05/30 19:45:00,-4.510847251282257e-09,-1.093001600338539e-08,-5.344301889920189e-09,-4.510255724454737e-09
17/05/30 20:00:00,-3.668876091822426e-09,-9.595366279313566e-09,-4.27324042817645e-09,-3.6444849360606213e-09
17/05/30 20:15:00,-4.351039528671663e-09,-1.0884217083173553e-08,-5.095381450104242e-09,-4.334144154682917e-09
17/05/30 20:30:00,-2.405768473323633e-09,-7.610798213875114e-09,-3.08360736944735e-09,-2.4193116399118253e-09
17/05/30 20:45:00,-1.8043891936159184e-09,-6.665834995089881e-09,-2.5198823028205197e-09,-1.7248782402390361e-09
17/05/30 21:00:00,-1.0796438187909985e-09,-5.483273390893828e-09,-1.7236410077003939e-09,-8.946420826383417e-10
17/05/30 21:15:00,-8.691510289260407e-10,-5.216422405140975e-09,-1.479695255213187e-09,-6.429292098708572e-10
17/05/30 21:30:00,4.200795822306702e-10,-3.414073246332805e-09,-1.989744480290767e-11,8.842811483056323e-10
17/05/30 21:45:00,-6.5911121005513e-10,-4.8927892848382726e-09,-1.244365721575491e-09,-3.804220549685766e-10
17/05/30 22:00:00,7.080349084809257e-10,-2.9162769976665004e-09,3.0859731436905236e-10,1.2757607192881437e-09
17/05/30 22:15:00,1.961881324064052e-09,-1.094125789968814e-09,1.6308819850152645e-09,2.901575424374414e-09
17/05/30 22:30:00,2.245533314848558e-09,-6.146986253341424e-10,1.925918535761184e-09,3.2741953592818618e-09
17/05/30 22:45:00,2.4036042045594286e-09,-2.8139687802131164e-10,2.0927390931291256e-09,3.4822791317168367e-09
17/05/30 23:00:00,2.893445261165084e-09,5.092455901412052e-10,2.6101740768780246e-09,4.115526586190299e-09
17/05/30 23:15:00,3.2952791606533083e-09,1.3154083378097425e-09,3.037473383926681e-09,4.6336738890317974e-09
17/05/30 23:30:00,3.524055269821247e-09,1.7546553099379025e-09,3.2859137633067803e-09,4.985330370743668e-09
17/05/30 23:45:00,3.3964611123593613e-09,1.7616708092305089e-09,3.163010742213146e-09,4.799515007647415e-09
17/05/31 00:00:00,3.892889566259328e-09,2.5006954285089478e-09,3.805411541435433e-09,5.682193826572757e-09
17/05/31 00:15:00,4.743986536936973e-09,3.2059555010732765e-09,4.754802773732081e-09,7.229575160749846e-09
17/05/31 00:30:00,4.939351150312632e-09,3.39255579184794e-09,4.9524198075801e-09,7.560355008706665e-09
17/05/31 00:45:00,5.818411530356116e-09,4.125901398310816e-09,5.838964867166396e-09,9.115582066954175e-09
17/05/31 01:00:00,4.90218665660791e-09,3.4337233056902505e-09,4.91699525539957e-09,7.604468166277911e-09
17/05/31 01:15:00,6.660168860861404e-09,5.072878117573509e-09,7.089199893783871e-09,1.0671996619748825e-08
17/05/31 01:30:00,5.841476635737308e-09,4.454517199548036e-09,6.1999076983454415e-09,9.33053811991158e-09
17/05/31 01:45:00,5.698933325248845e-09,4.444458578944932e-09,6.142104158612938e-09,9.156484459538206e-09
17/05/31 02:00:00,7.414636016278564e-09,6.065717261805048e-09,8.455929290107633e-09,1.215627509765227e-08
17/05/31 02:15:00,7.712179339591785e-09,6.4364398255634114e-09,8.86485018725125e-09,1.273015737268679e-08
17/05/31 02:30:00,7.774743515653881e-09,6.60710552935484e-09,8.947450780283361e-09,1.3027492862249801e-08
17/05/31 02:45:00,7.304784332973213e-09,6.311363431876771e-09,8.412512464417432e-09,1.2469700827466568e-08
17/05/31 03:00:00,7.945826219213359e-09,6.995724000091741e-09,9.113835020002625e-09,1.3838897139351047e-08
17/05/31 03:15:00,7.408318847268447e-09,6.6414607147180504e-09,8.485760538690101e-09,1.3166476797721316e-08
17/05/31 03:30:00,7.593947692896563e-09,6.897485693713179e-09,8.667517370497535e-09,1.3754845262781146e-08
17/05/31 03:45:00,7.449642236423415e-09,6.804775409818831e-09,8.479387858528753e-09,1.3797580855623437e-08
17/05/31 04:00:00,8.199855905388631e-09,7.530653434173473e-09,9.295487934934954e-09,1.5233897698863075e-08
17/05/31 04:15:00,7.664615608860004e-09,7.080466879472169e-09,8.667517370497535e-09,1.5062221692119238e-08
17/05/31 04:30:00,7.681729030650786e-09,7.13700565313502e-09,8.657853989291198e-09,1.5567819033890373e-08
17/05/31 04:45:00,8.040200505377015e-09,7.503816235043814e-09,9.033084502618749e-09,1.6465861563119688e-08
17/05/31 05:00:00,8.567892173516611e-09,8.02475508265843e-09,9.598704941993219e-09,1.7554439679656753e-08
17/05/31 05:15:00,8.074628077281432e-09,7.61116503156245e-09,9.016738466982588e-09,1.7320923362262874e-08
17/05/31 05:30:00,8.248780325459393e-09,7.808678148535364e-09,9.18389542192699e-09,1.7718331690730338e-08
17/05/31 05:45:00,7.510998933923929e-09,7.170525062605293e-09,8.327136313823758e-09,1.6170567107565148e-08
17/05/31 06:00:00,7.237488830469374e-09,6.957524778528068e-09,7.991176609323247e-09,1.5613302650763217e-08
17/05/31 06:15:00,7.299398419036152e-09,7.0491745773892944e-09,8.05597455411089e-09,1.5824921817397808e-08
17/05/31 06:30:00,6.883547065683615e-09,6.702730370733434e-09,7.63563079431151e-09,1.5298104116823197e-08
17/05/31 06:45:00,6.424006215866029e-09,6.3161893493202115e-09,7.282126457397453e-09,1.4688424698761082e-08
17/05/31 07:00:00,5.3608713024289045e-09,5.3608713024289045e-09,6.3457985532977546e-09,1.3024050282695043e-08
17/05/31 07:15:00,4.607486836505359e-09,4.5896815237256305e-09,5.440013772783914e-09,1.1884905504189192e-08
17/05/31 07:30:00,3.254836622446078e-09,3.2783069592312586e-09,4.026487143704571e-09,9.69292024421975e-09
17/05/31 07:45:00,2.463500514693351e-09,2.463500514693351e-09,3.2853273435051733e-09,8.45608916222318e-09
17/05/31 08:00:00,2.2809927280320608e-09,2.225964079727305e-09,3.140213644670098e-09,8.243244309369402e-09
17/05/31 08:15:00,7.585189698566808e-10,4.812716891677837e-10,1.410025318726582e-09,5.873112662868607e-09
17/05/31 08:30:00,-1.2069864552266552e-10,-5.452259754790134e-10,5.73792569014131e-10,4.669717057481648e-09
17/05/31 08:45:00,-5.003607528308862e-10,-1.0520153637116891e-09,3.4405995413822055e-11,4.121103458487596e-09
17/05/31 09:00:00,-1.229636115152033e-10,-5.81151959888615e-10,6.078669234632628e-10,4.589077118311025e-09
17/05/31 09:15:00,-1.474959487879346e-09,-2.3348896149855136e-09,-1.0387709581394233e-09,2.606719951003811e-09
17/05/31 09:30:00,-5.523044799282673e-10,-1.1578805692025185e-09,-9.03675571872764e-12,3.77742992441199e-09
17/05/31 09:45:00,-3.408050230913062e-10,-8.910359672320567e-10,3.0094884917453157e-10,3.91163101909342e-09
17/05/31 10:00:00,-6.469809687992267e-10,-1.2899278312161755e-09,-1.4269088688401155e-10,3.3138696231560516e-09
17/05/31 10:15:00,-5.915138934220465e-10,-1.22046706074741e-09,-8.489576402981314e-11,3.2084175316526853e-09
17/05/31 10:30:00,-9.617134866246602e-10,-1.6961724247366305e-09,-4.970290845562886e-10,2.501983509262118e-09
17/05/31 10:45:00,-2.3566182338896624e-09,-3.490349120838232e-09,-1.9886290392179262e-09,3.9302630594484356e-10
17/05/31 11:00:00,-1.7274299768388346e-09,-2.675857535550108e-09,-1.340474398148217e-09,1.0637067893171093e-09
17/05/31 11:15:00,-2.566758805500058e-09,-3.74825681603852e-09,-2.237142249228441e-09,-2.4932464426363765e-10
17/05/31 11:30:00,-2.49161136167686e-09,-3.643079393711446e-09,-2.173587310139169e-09,-3.312617680162333e-10
17/05/31 11:45:00,-2.6291842036840762e-09,-3.852234531365184e-09,-2.335895255001219e-09,-7.057870399229671e-10
17/05/31 12:00:00,-1.4373606749273904e-09,-2.26069141184837e-09,-1.1039414937741299e-09,6.777149952341688e-10
17/05/31 12:15:00,-1.2632587198524448e-09,-2.0206718520654476e-09,-9.423904989702692e-10,7.047341044064126e-10
17/05/31 12:30:00,-2.863213888204541e-09,-4.066845971095745e-09,-2.6409323616860547e-09,-1.6121022294868226e-09
