"Date Heure, GMT+01:00",Débit d'eau échangé (m/s)
16/03/19 00:00:00,3.6964989703847095e-05
16/03/19 00:15:00,1.1664804333122447e-05
16/03/19 00:30:00,2.439757554384414e-05
16/03/19 00:45:00,1.8740451196208596e-05
16/03/19 01:00:00,2.0903253243886866e-05
16/03/19 01:15:00,1.9049422917305492e-05
16/03/19 01:30:00,1.9686876839841716e-05
16/03/19 01:45:00,1.9069892005063593e-05
16/03/19 02:00:00,1.695698665571399e-05
16/03/19 02:15:00,2.0868390492978506e-05
16/03/19 02:30:00,1.5534627891611308e-05
16/03/19 02:45:00,1.949400939338375e-05
16/03/19 03:00:00,1.8544704289524816e-05
16/03/19 03:15:00,1.4833524801360909e-05
16/03/19 03:30:00,1.891668580356054e-05
16/03/19 03:45:00,1.8417085811961442e-05
16/03/19 04:00:00,1.6680318367434666e-05
16/03/19 04:15:00,1.8670405552256852e-05
16/03/19 04:30:00,1.9988172425655648e-05
16/03/19 04:45:00,1.918375892273616e-05
16/03/19 05:00:00,2.0258761651348323e-05
16/03/19 05:15:00,2.0042225514771417e-05
16/03/19 05:30:00,2.048329588433262e-05
16/03/19 05:45:00,2.0725738067994826e-05
16/03/19 06:00:00,1.654694278840907e-05
16/03/19 06:15:00,1.8270915461471304e-05
16/03/19 06:30:00,1.8320171875529923e-05
16/03/19 06:45:00,1.6802179743535817e-05
16/03/19 07:00:00,1.7362550352117978e-05
16/03/19 07:15:00,1.6260681150015444e-05
16/03/19 07:30:00,1.9192713807569817e-05
16/03/19 07:45:00,1.9344321117387153e-05
16/03/19 08:00:00,1.8722859749686904e-05
16/03/19 08:15:00,1.7992648281506263e-05
16/03/19 08:30:00,1.7297303202212788e-05
16/03/19 08:45:00,1.5676319890189916e-05
16/03/19 09:00:00,1.723909008433111e-05
16/03/19 09:15:00,1.594211244082544e-05
16/03/19 09:30:00,1.4194151845003944e-05
16/03/19 09:45:00,1.9023194909095764e-05
16/03/19 10:00:00,1.570574750076048e-05
16/03/19 10:15:00,1.746778070810251e-05
16/03/19 10:30:00,1.8558139345259406e-05
16/03/19 10:45:00,1.7207425116794184e-05
16/03/19 11:00:00,1.8571252439869568e-05
16/03/19 11:15:00,1.408956177328946e-05
16/03/19 11:30:00,1.978155160031747e-05
16/03/19 11:45:00,1.682872789388057e-05
16/03/19 12:00:00,1.8712944438448176e-05
16/03/19 12:15:00,1.3021593986195512e-05
16/03/19 12:30:00,1.698737105471082e-05
16/03/19 12:45:00,1.4470819223788567e-05
16/03/19 13:00:00,1.4862630450807046e-05
16/03/19 13:15:00,1.3508720257959794e-05
16/03/19 13:30:00,1.5189513760560658e-05
16/03/19 13:45:00,1.3677598872163799e-05
16/03/19 14:00:00,1.554230402689427e-05
16/03/19 14:15:00,1.823637285269797e-05
16/03/19 14:30:00,1.477691148465965e-05
16/03/19 14:45:00,1.3127303645887878e-05
16/03/19 15:00:00,1.751607851474546e-05
16/03/19 15:15:00,1.7225658666575328e-05
16/03/19 15:30:00,1.7093561837100424e-05
16/03/19 15:45:00,1.8736931451712735e-05
16/03/19 16:00:00,1.624596734473016e-05
16/03/19 16:15:00,1.7740610928740352e-05
16/03/19 16:30:00,1.5333445844589733e-05
16/03/19 16:45:00,1.5999365132302046e-05
16/03/19 17:00:00,1.7140579075203277e-05
16/03/19 17:15:00,1.4019195077707991e-05
16/03/19 17:30:00,1.5296342098736204e-05
16/03/19 17:45:00,1.5939873264869675e-05
16/03/19 18:00:00,1.6197031072806567e-05
16/03/19 18:15:00,1.4540224583470263e-05
16/03/19 18:30:00,1.4573809494322632e-05
16/03/19 18:45:00,1.4831605767540168e-05
16/03/19 19:00:00,1.3201507499616127e-05
16/03/19 19:15:00,1.465792865928961e-05
16/03/19 19:30:00,1.5019036254670937e-05
16/03/19 19:45:00,1.6585003322688863e-05
16/03/19 20:00:00,1.672381768003106e-05
16/03/19 20:15:00,1.4823929632257205e-05
16/03/19 20:30:00,1.5294743207050487e-05
16/03/19 20:45:00,1.4337761967908591e-05
16/03/19 21:00:00,1.6347998098353855e-05
16/03/19 21:15:00,1.5086523490026593e-05
16/03/19 21:30:00,1.4761879356228746e-05
16/03/19 21:45:00,1.4912207007000688e-05
16/03/19 22:00:00,1.6305459212162532e-05
16/03/19 22:15:00,1.5070210793055594e-05
16/03/19 22:30:00,1.5797861124156043e-05
16/03/19 22:45:00,1.4815614122198895e-05
16/03/19 23:00:00,1.587718361406587e-05
16/03/19 23:15:00,1.4784907762077637e-05
16/03/19 23:30:00,1.8025593817583285e-05
16/03/19 23:45:00,1.3369586667977273e-05
16/03/20 00:00:00,1.5001443898654543e-05
16/03/20 00:15:00,1.5829846233827993e-05
16/03/20 00:30:00,1.7093880160246044e-05
16/03/20 00:45:00,1.597665686858818e-05
16/03/20 01:00:00,1.5030870599730406e-05
16/03/20 01:15:00,1.7668964574113488e-05
16/03/20 01:30:00,1.540477023809217e-05
16/03/20 01:45:00,1.5145374163694214e-05
16/03/20 02:00:00,1.648489160288591e-05
16/03/20 02:15:00,1.6512718502781354e-05
16/03/20 02:30:00,1.5872066796873696e-05
16/03/20 02:45:00,1.628434802114498e-05
16/03/20 03:00:00,1.5597317542415112e-05
16/03/20 03:15:00,1.4384780115506146e-05
16/03/20 03:30:00,1.4807936167926528e-05
16/03/20 03:45:00,1.5532388715655543e-05
16/03/20 04:00:00,1.5865669411141425e-05
16/03/20 04:15:00,1.4755161828361452e-05
16/03/20 04:30:00,1.5732932297396474e-05
16/03/20 04:45:00,1.4083484529692214e-05
16/03/20 05:00:00,1.388006148772547e-05
16/03/20 05:15:00,1.5437395632034168e-05
16/03/20 05:30:00,1.5500403605983593e-05
16/03/20 05:45:00,1.1835923032776918e-05
16/03/20 06:00:00,1.8463144442648627e-05
16/03/20 06:15:00,1.4416764315683395e-05
16/03/20 06:30:00,1.4935235412849579e-05
16/03/20 06:45:00,1.5462981536984444e-05
16/03/20 07:00:00,1.4932677004253492e-05
16/03/20 07:15:00,1.4970418305892963e-05
16/03/20 07:30:00,1.5586443623760715e-05
16/03/20 07:45:00,1.4749724869034253e-05
16/03/20 08:00:00,1.6407169823651202e-05
16/03/20 08:15:00,1.4735971490154043e-05
16/03/20 08:30:00,1.563058322062716e-05
16/03/20 08:45:00,1.643052019062452e-05
16/03/20 09:00:00,1.4402051419892814e-05
16/03/20 09:15:00,1.3588682122644968e-05
16/03/20 09:30:00,1.6513358787051402e-05
16/03/20 09:45:00,1.7072770788217895e-05
16/03/20 10:00:00,1.4127623217063956e-05
16/03/20 10:15:00,1.499024892837042e-05
16/03/20 10:30:00,1.3450187907437794e-05
16/03/20 10:45:00,1.5925161278573796e-05
16/03/20 11:00:00,1.5294423064915463e-05
16/03/20 11:15:00,1.812954360502772e-05
16/03/20 11:30:00,1.5004642591520678e-05
16/03/20 11:45:00,1.5248366253217682e-05
16/03/20 12:00:00,1.6158330254256725e-05
16/03/20 12:15:00,1.7531430785311386e-05
16/03/20 12:30:00,1.6635220163152553e-05
16/03/20 12:45:00,1.4112909411778674e-05
16/03/20 13:00:00,1.5264038665918633e-05
16/03/20 13:15:00,1.6184876585612074e-05
16/03/20 13:30:00,1.7414366084267385e-05
16/03/20 13:45:00,1.7659689547144808e-05
16/03/20 14:00:00,1.4451308743446134e-05
16/03/20 14:15:00,1.797217919374816e-05
16/03/20 14:30:00,1.74540273292223e-05
16/03/20 14:45:00,1.586982762091793e-05
16/03/20 15:00:00,1.701103974482976e-05
16/03/20 15:15:00,1.570414679008536e-05
16/03/20 15:30:00,1.967632124433294e-05
16/03/20 15:45:00,1.560051714477595e-05
16/03/20 16:00:00,1.6640658941469155e-05
16/03/20 16:15:00,1.750456249283161e-05
16/03/20 16:30:00,1.7321930499747396e-05
16/03/20 16:45:00,1.754614459059667e-05
16/03/20 17:00:00,1.892116415547207e-05
16/03/20 17:15:00,1.7027352441800758e-05
16/03/20 17:30:00,1.6082844012998976e-05
16/03/20 17:45:00,1.8200549675384536e-05
16/03/20 18:00:00,1.8361752154305577e-05
16/03/20 18:15:00,1.7667684005573392e-05
16/03/20 18:30:00,2.0175602912786417e-05
16/03/20 18:45:00,1.8975539205712266e-05
16/03/20 19:00:00,1.4961463421059307e-05
16/03/20 19:15:00,1.437582523067249e-05
16/03/20 19:30:00,1.771566348907072e-05
16/03/20 19:45:00,1.6902611605473794e-05
16/03/20 20:00:00,1.65351084433496e-05
16/03/20 20:15:00,1.749464718159288e-05
16/03/20 20:30:00,2.0874786059721373e-05
16/03/20 20:45:00,1.6922122085816227e-05
16/03/20 21:00:00,1.698929008853156e-05
16/03/20 21:15:00,1.759507904353086e-05
16/03/20 21:30:00,1.7071492038667202e-05
16/03/20 21:45:00,1.7202628441737033e-05
16/03/20 22:00:00,1.9012319171451963e-05
16/03/20 22:15:00,1.8727656424744055e-05
16/03/20 22:30:00,1.6790345398476347e-05
16/03/20 22:45:00,1.66249847097788e-05
16/03/20 23:00:00,1.8999526218976825e-05
16/03/20 23:15:00,1.6571251762798056e-05
16/03/20 23:30:00,1.653990511840675e-05
16/03/20 23:45:00,1.7637299606576562e-05
16/03/21 00:00:00,1.4874464795866515e-05
16/03/21 00:15:00,1.724996582197491e-05
16/03/21 00:30:00,1.6106834664242342e-05
16/03/21 00:45:00,1.4807296793151181e-05
16/03/21 01:00:00,1.853670801210683e-05
16/03/21 01:15:00,1.7895416021929123e-05
16/03/21 01:30:00,1.8207585526397452e-05
16/03/21 01:45:00,1.6197349395952187e-05
16/03/21 02:00:00,1.4502802514471114e-05
16/03/21 02:15:00,1.6716461686883122e-05
16/03/21 02:30:00,1.6614430933259428e-05
16/03/21 02:45:00,1.4924041352060158e-05
16/03/21 03:00:00,1.4120906598691363e-05
16/03/21 03:15:00,1.790085298125632e-05
16/03/21 03:30:00,1.5902131053735502e-05
16/03/21 03:45:00,1.5324489140766673e-05
16/03/21 04:00:00,1.537438583909534e-05
16/03/21 04:15:00,1.257476833416149e-05
16/03/21 04:30:00,1.5864390661590733e-05
16/03/21 04:45:00,1.4762518731004093e-05
16/03/21 05:00:00,1.2956025784660596e-05
16/03/21 05:15:00,1.6052139471867122e-05
16/03/21 05:30:00,1.4735011973243672e-05
16/03/21 05:45:00,1.3921322533860803e-05
16/03/21 06:00:00,1.2744126252073329e-05
16/03/21 06:15:00,1.5246447219396941e-05
16/03/21 06:30:00,1.6010239050956443e-05
16/03/21 06:45:00,1.4556537280441262e-05
16/03/21 07:00:00,1.4276032743509859e-05
16/03/21 07:15:00,1.4881501556374133e-05
16/03/21 07:30:00,1.3678559298568871e-05
16/03/21 07:45:00,1.5056458323670086e-05
16/03/21 08:00:00,1.3117068192514125e-05
16/03/21 08:15:00,1.5020955288491677e-05
16/03/21 08:30:00,1.4949629075999837e-05
16/03/21 08:45:00,1.552663161419332e-05
16/03/21 09:00:00,1.4052139704290312e-05
16/03/21 09:15:00,1.2504562619142234e-05
16/03/21 09:30:00,1.4931717487343121e-05
16/03/21 09:45:00,1.6562935343245044e-05
16/03/21 10:00:00,1.1222617104067467e-05
16/03/21 10:15:00,1.30690905280062e-05
16/03/21 10:30:00,1.2961942957190331e-05
16/03/21 10:45:00,1.5658728443668224e-05
16/03/21 11:00:00,1.4677759281767067e-05
16/03/21 11:15:00,1.5163286661845632e-05
16/03/21 11:30:00,1.5015518329164479e-05
16/03/21 11:45:00,1.5526951756328344e-05
16/03/21 12:00:00,1.5160728253249545e-05
16/03/21 12:15:00,1.577163493493572e-05
16/03/21 12:30:00,1.6917005268624052e-05
16/03/21 12:45:00,1.585863356012851e-05
16/03/21 13:00:00,1.5725578123237938e-05
16/03/21 13:15:00,1.3961303011456039e-05
16/03/21 13:30:00,1.749880721035879e-05
16/03/21 13:45:00,1.6824889826239087e-05
16/03/21 14:00:00,1.592548142070882e-05
16/03/21 14:15:00,1.5901492588454857e-05
16/03/21 14:30:00,1.5165525837801397e-05
16/03/21 14:45:00,1.659460031078197e-05
16/03/21 15:00:00,1.723365312500391e-05
16/03/21 15:15:00,1.858692485257052e-05
16/03/21 15:30:00,1.6979374777292833e-05
16/03/21 15:45:00,1.687638541625347e-05
16/03/21 16:00:00,1.6855914509505965e-05
16/03/21 16:15:00,1.7226297131855972e-05
16/03/21 16:30:00,1.8438197002978995e-05
16/03/21 16:45:00,1.853383037087042e-05
16/03/21 17:00:00,1.663937837292906e-05
16/03/21 17:15:00,1.7915566786541604e-05
16/03/21 17:30:00,1.7136100723291747e-05
16/03/21 17:45:00,1.6205985957640223e-05
16/03/21 18:00:00,1.8477216144674458e-05
16/03/21 18:15:00,1.7712782209855504e-05
16/03/21 18:30:00,1.543131838843692e-05
16/03/21 18:45:00,1.7568852854310535e-05
16/03/21 19:00:00,1.9901173800462857e-05
16/03/21 19:15:00,1.631633313081693e-05
16/03/21 19:30:00,1.6318892448907718e-05
16/03/21 19:45:00,1.5405410522362217e-05
16/03/21 20:00:00,1.4930117686162703e-05
16/03/21 20:15:00,1.529314431536477e-05
16/03/21 20:30:00,1.599520692252554e-05
16/03/21 20:45:00,1.4204706531018019e-05
16/03/21 21:00:00,1.5998406524886377e-05
16/03/21 21:15:00,1.6310255887219682e-05
16/03/21 21:30:00,1.6254283764283173e-05
16/03/21 21:45:00,1.6940994100878015e-05
16/03/21 22:00:00,1.6449390386696905e-05
16/03/21 22:15:00,1.57809099619044e-05
16/03/21 22:30:00,1.5557017832179554e-05
16/03/21 22:45:00,1.5749244994367473e-05
16/03/21 23:00:00,1.5665125829400495e-05
16/03/21 23:15:00,1.5416924725286663e-05
16/03/21 23:30:00,1.4896215361659415e-05
16/03/21 23:45:00,1.4605473552364856e-05
16/03/22 00:00:00,1.5108912521100137e-05
16/03/22 00:15:00,1.7361271602567285e-05
16/03/22 00:30:00,1.6132740711327642e-05
16/03/22 00:45:00,1.443467590434011e-05
16/03/22 01:00:00,1.5660007193218917e-05
16/03/22 01:15:00,1.6565172700211406e-05
16/03/22 01:30:00,1.403742589900503e-05
16/03/22 01:45:00,1.4410047697310802e-05
16/03/22 02:00:00,1.790533133316785e-05
16/03/22 02:15:00,1.4688314877275843e-05
16/03/22 02:30:00,1.443915425625164e-05
16/03/22 02:45:00,1.729666291794274e-05
16/03/22 03:00:00,1.5157209418248385e-05
16/03/22 03:15:00,1.404190425091656e-05
16/03/22 03:30:00,1.8187754903919995e-05
16/03/22 03:45:00,1.6342561139026657e-05
16/03/22 04:00:00,1.427059578418266e-05
16/03/22 04:15:00,1.6949310520431027e-05
16/03/22 04:30:00,1.4233492947823834e-05
16/03/22 04:45:00,1.572973451402504e-05
16/03/22 05:00:00,1.5721099771326408e-05
16/03/22 05:15:00,1.3476415915647522e-05
16/03/22 05:30:00,1.613849963177927e-05
16/03/22 05:45:00,1.4133700460661203e-05
16/03/22 06:00:00,1.6546622646274045e-05
16/03/22 06:15:00,1.5075649571372196e-05
16/03/22 06:30:00,1.568655534356367e-05
16/03/22 06:45:00,1.3058055628789589e-05
16/03/22 07:00:00,1.672637699812185e-05
16/03/22 07:15:00,1.4055337487661745e-05
16/03/22 07:30:00,1.4221977835404687e-05
16/03/22 07:45:00,1.4309296602732502e-05
16/03/22 08:00:00,1.4772753274883144e-05
16/03/22 08:15:00,1.6157688150997274e-05
16/03/22 08:30:00,1.7438995200791396e-05
16/03/22 08:45:00,1.4319531146611553e-05
16/03/22 09:00:00,1.669343328103423e-05
16/03/22 09:15:00,1.5980174794094637e-05
16/03/22 09:30:00,1.4470498172158841e-05
16/03/22 09:45:00,1.4825208381807897e-05
16/03/22 10:00:00,1.471646100981161e-05
16/03/22 10:15:00,1.6602594769210555e-05
16/03/22 10:30:00,1.6071331629063934e-05
16/03/22 10:45:00,1.2587242053996306e-05
16/03/22 11:00:00,1.6246287486865185e-05
16/03/22 11:15:00,1.709995740384329e-05
16/03/22 11:30:00,1.5897654520813376e-05
16/03/22 11:45:00,1.5622266801074147e-05
16/03/22 12:00:00,1.4767635548196267e-05
16/03/22 12:15:00,1.5996487491065636e-05
16/03/22 12:30:00,1.5069251276145224e-05
16/03/22 12:45:00,1.728226925479248e-05
16/03/22 13:00:00,1.6337122360710055e-05
16/03/22 13:15:00,1.8861352145904675e-05
16/03/22 13:30:00,1.8553340851212852e-05
16/03/22 13:45:00,1.7823451344156638e-05
16/03/22 14:00:00,1.753910692059435e-05
16/03/22 14:15:00,1.9506802345858887e-05
16/03/22 14:30:00,1.7611073417356238e-05
16/03/22 14:45:00,1.7925482097780332e-05
16/03/22 15:00:00,1.7911408576765098e-05
16/03/22 15:15:00,2.0348319594631903e-05
16/03/22 15:30:00,1.8456426914781332e-05
16/03/22 15:45:00,2.1149215172044933e-05
16/03/22 16:00:00,2.0456747733987868e-05
16/03/22 16:15:00,2.0372948711155914e-05
16/03/22 16:30:00,1.9274273654446006e-05
16/03/22 16:45:00,2.4350558305741288e-05
16/03/22 17:00:00,2.06518543564016e-05
16/03/22 17:15:00,2.149880674551241e-05
16/03/22 17:30:00,2.1370549802668393e-05
16/03/22 17:45:00,2.024085188168101e-05
16/03/22 18:00:00,2.1864392692805268e-05
16/03/22 18:15:00,2.0819772544200532e-05
16/03/22 18:30:00,2.0674562620115466e-05
16/03/22 18:45:00,1.9905332010239363e-05
16/03/22 19:00:00,1.822549893404357e-05
16/03/22 19:15:00,2.098705226671882e-05
16/03/22 19:30:00,1.7542624846100807e-05
16/03/22 19:45:00,2.1014879166614264e-05
16/03/22 20:00:00,1.9591243471950293e-05
16/03/22 20:15:00,1.948953104147222e-05
16/03/22 20:30:00,2.040109393419698e-05
16/03/22 20:45:00,1.9072451323154382e-05
16/03/22 21:00:00,2.0488412701524794e-05
16/03/22 21:15:00,1.9393897673580796e-05
16/03/22 21:30:00,1.838574098655954e-05
16/03/22 21:45:00,2.0600038624252193e-05
16/03/22 22:00:00,1.868127947091125e-05
16/03/22 22:15:00,1.831345616665203e-05
16/03/22 22:30:00,1.659939698583912e-05
16/03/22 22:45:00,1.810939284041524e-05
16/03/22 23:00:00,1.792356306395959e-05
16/03/22 23:15:00,1.5035988326417282e-05
16/03/22 23:30:00,1.5891897419351153e-05
16/03/22 23:45:00,1.7368949556839652e-05
16/03/23 00:00:00,1.6363670511054806e-05
16/03/23 00:15:00,1.6679359760018997e-05
16/03/23 00:30:00,1.4557816029991955e-05
16/03/23 00:45:00,1.5216701285680756e-05
16/03/23 01:00:00,1.643083851377014e-05
16/03/23 01:15:00,1.5881023500696756e-05
16/03/23 01:30:00,1.7865670088212937e-05
16/03/23 01:45:00,1.7207745258929208e-05
16/03/23 02:00:00,1.5338562661781907e-05
16/03/23 02:15:00,1.4043824194232002e-05
16/03/23 02:30:00,1.6778831195551902e-05
16/03/23 02:45:00,1.59987266670214e-05
16/03/23 03:00:00,1.5432917280122638e-05
16/03/23 03:15:00,1.5994886780390516e-05
16/03/23 03:30:00,1.465057266614167e-05
16/03/23 03:45:00,1.4014078260515817e-05
16/03/23 04:00:00,1.2740289093926549e-05
16/03/23 04:15:00,1.4256202121032402e-05
16/03/23 04:30:00,1.3671522538061254e-05
16/03/23 04:45:00,1.545722443552222e-05
16/03/23 05:00:00,1.3967699487693608e-05
16/03/23 05:15:00,1.4435636330745183e-05
16/03/23 05:30:00,1.4095639016886707e-05
16/03/23 05:45:00,1.6250443877652287e-05
16/03/23 06:00:00,1.4414205907087307e-05
16/03/23 06:15:00,1.5037906450743321e-05
16/03/23 06:30:00,1.490581053076312e-05
16/03/23 06:45:00,1.5375024304375984e-05
16/03/23 07:00:00,1.2866468750871718e-05
16/03/23 07:15:00,1.6300980860251002e-05
16/03/23 07:30:00,1.5503923350479454e-05
16/03/23 07:45:00,1.2962102118763141e-05
16/03/23 08:00:00,1.4325609299703501e-05
16/03/23 08:15:00,1.4806977560510859e-05
16/03/23 08:30:00,1.2930597222293727e-05
16/03/23 08:45:00,1.1420122064009774e-05
16/03/23 09:00:00,1.2454505849746056e-05
16/03/23 09:15:00,1.4315372936835047e-05
16/03/23 09:30:00,1.3383500117924996e-05
16/03/23 09:45:00,1.369870915368665e-05
16/03/23 10:00:00,1.4521354387397878e-05
16/03/23 10:15:00,1.5812574929441325e-05
16/03/23 10:30:00,1.2507760402513668e-05
16/03/23 10:45:00,1.3095957910991274e-05
16/03/23 11:00:00,1.576907561684493e-05
16/03/23 11:15:00,1.4117707905825227e-05
16/03/23 11:30:00,1.6014078937587328e-05
16/03/23 11:45:00,1.4392136108654086e-05
16/03/23 12:00:00,1.3407169717538636e-05
16/03/23 12:15:00,1.5223098671413027e-05
16/03/23 12:30:00,1.3571409908763599e-05
16/03/23 12:45:00,1.6716141544748098e-05
16/03/23 13:00:00,1.4577646652469411e-05
16/03/23 13:15:00,1.4848557839286514e-05
16/03/23 13:30:00,1.5462022929568775e-05
16/03/23 13:45:00,1.4759640180272982e-05
16/03/23 14:00:00,1.671454265306238e-05
16/03/23 14:15:00,1.4147133697406389e-05
16/03/23 14:30:00,1.6256202798103914e-05
16/03/23 14:45:00,1.3570450391853228e-05
16/03/23 15:00:00,1.548057480249554e-05
16/03/23 15:15:00,1.3911087989981752e-05
16/03/23 15:30:00,1.3468739780364558e-05
16/03/23 15:45:00,1.5117867405933794e-05
16/03/23 16:00:00,1.4874464795866515e-05
16/03/23 16:15:00,1.5873985830694437e-05
16/03/23 16:30:00,1.4607712728320621e-05
16/03/23 16:45:00,1.5831765267648734e-05
16/03/23 17:00:00,1.682329093455337e-05
16/03/23 17:15:00,1.416728446201887e-05
16/03/23 17:30:00,1.7256681530852802e-05
16/03/23 17:45:00,1.609116225154139e-05
16/03/23 18:00:00,1.4498325981548987e-05
16/03/23 18:15:00,1.398337280988926e-05
16/03/23 18:30:00,1.5339521269197576e-05
16/03/23 18:45:00,1.6131782103911974e-05
16/03/23 19:00:00,1.3354714610613883e-05
16/03/23 19:15:00,1.2346397852525115e-05
16/03/23 19:30:00,1.561363023938611e-05
16/03/23 19:45:00,1.6058856999734417e-05
16/03/23 20:00:00,1.5206785974442028e-05
16/03/23 20:15:00,1.5491448721149936e-05
16/03/23 20:30:00,1.5306257409974933e-05
16/03/23 20:45:00,1.6393416444770992e-05
16/03/23 21:00:00,1.4023673429619521e-05
16/03/23 21:15:00,1.2443791092664469e-05
16/03/23 21:30:00,1.5049420653667767e-05
16/03/23 21:45:00,1.5625784726580605e-05
16/03/23 22:00:00,1.4744607142347377e-05
16/03/23 22:15:00,1.4919883142283652e-05
16/03/23 22:30:00,1.1826487025246024e-05
16/03/23 22:45:00,1.4630742953158915e-05
16/03/23 23:00:00,1.3075327842670958e-05
16/03/23 23:15:00,1.4791625289944932e-05
16/03/23 23:30:00,1.532065107312519e-05
16/03/23 23:45:00,1.3649771972268354e-05
16/03/24 00:00:00,1.5467459888895974e-05
16/03/24 00:15:00,1.4477534932666458e-05
16/03/24 00:30:00,1.4427639143832494e-05
16/03/24 00:45:00,1.380489811708685e-05
16/03/24 01:00:00,1.4100756743573584e-05
16/03/24 01:15:00,1.5517996871494688e-05
16/03/24 01:30:00,1.3644974387716502e-05
16/03/24 01:45:00,1.4169522728479933e-05
16/03/24 02:00:00,1.515497024229262e-05
16/03/24 02:15:00,1.5466501281480305e-05
16/03/24 02:30:00,1.4182316590449773e-05
16/03/24 02:45:00,1.4345438103191555e-05
16/03/24 03:00:00,1.395234721712768e-05
16/03/24 03:15:00,1.34461897687288e-05
16/03/24 03:30:00,1.4511119843518827e-05
16/03/24 03:45:00,1.3627063708554488e-05
16/03/24 04:00:00,1.3991369087307248e-05
16/03/24 04:15:00,1.4987690519774333e-05
16/03/24 04:30:00,1.5208385775622446e-05
16/03/24 04:45:00,1.456741210859036e-05
16/03/24 05:00:00,1.5632182112312876e-05
16/03/24 05:15:00,1.328226881014416e-05
16/03/24 05:30:00,1.3288985428516753e-05
16/03/24 05:45:00,1.429810254194308e-05
16/03/24 06:00:00,1.4935235412849579e-05
16/03/24 06:15:00,1.4806338185735513e-05
16/03/24 06:30:00,1.4306737284641713e-05
16/03/24 06:45:00,1.3314734133018646e-05
16/03/24 07:00:00,1.3371186469157692e-05
16/03/24 07:15:00,1.6326248442055658e-05
16/03/24 07:30:00,1.6539266653126106e-05
16/03/24 07:45:00,1.3417085028777365e-05
16/03/24 08:00:00,1.1636177987384144e-05
16/03/24 08:15:00,1.363633964501787e-05
16/03/24 08:30:00,1.422133846062934e-05
16/03/24 08:45:00,1.391012756357668e-05
16/03/24 09:00:00,1.3805858543491922e-05
16/03/24 09:15:00,1.3254281839181203e-05
16/03/24 09:30:00,1.3971538464829791e-05
16/03/24 09:45:00,1.4613470739277545e-05
16/03/24 10:00:00,1.3698389921046328e-05
16/03/24 10:15:00,1.4902931070537306e-05
16/03/24 10:30:00,1.2900851288577542e-05
16/03/24 10:45:00,1.4162166735331994e-05
16/03/24 11:00:00,1.3061255231150426e-05
16/03/24 11:15:00,1.4250444110075478e-05
16/03/24 11:30:00,1.549880653328728e-05
16/03/24 11:45:00,1.7668964574113488e-05
16/03/24 12:00:00,1.4247565559344366e-05
16/03/24 12:15:00,1.539549521112349e-05
16/03/24 12:30:00,1.4725096662004944e-05
16/03/24 12:45:00,1.3167124052415602e-05
16/03/24 13:00:00,1.3081085853627883e-05
16/03/24 13:15:00,1.4003842807142064e-05
16/03/24 13:30:00,1.6859432435012423e-05
16/03/24 13:45:00,1.8127304429071955e-05
16/03/24 14:00:00,1.557684845465701e-05
16/03/24 14:15:00,1.703662746876944e-05
16/03/24 14:30:00,1.797569711925462e-05
16/03/24 14:45:00,1.8647055185283534e-05
16/03/24 15:00:00,1.877115573734045e-05
16/03/24 15:15:00,1.9458826500340365e-05
16/03/24 15:30:00,1.8350558093516156e-05
16/03/24 15:45:00,1.7604355889488943e-05
16/03/24 16:00:00,1.91802391782403e-05
16/03/24 16:15:00,2.015577229030896e-05
16/03/24 16:30:00,1.92278967006132e-05
16/03/24 16:45:00,1.8569333406048827e-05
16/03/24 17:00:00,1.820182842493523e-05
16/03/24 17:15:00,1.9453069398878142e-05
16/03/24 17:30:00,1.8888858903665096e-05
16/03/24 17:45:00,1.863202305685263e-05
16/03/24 18:00:00,1.9129383872495964e-05
16/03/24 18:15:00,1.8229655324830674e-05
16/03/24 18:30:00,1.7312015188508667e-05
16/03/24 18:45:00,2.025204594247043e-05
16/03/24 19:00:00,1.6704627341823652e-05
16/03/24 19:15:00,1.9565975890145637e-05
16/03/24 19:30:00,1.7675041817710735e-05
16/03/24 19:45:00,2.0269637388992123e-05
16/03/24 20:00:00,1.661379064898938e-05
16/03/24 20:15:00,1.9371827875147574e-05
16/03/24 20:30:00,1.975948180188425e-05
16/03/24 20:45:00,2.0729576135636307e-05
16/03/24 21:00:00,2.0646415578084998e-05
16/03/24 21:15:00,2.139997377526015e-05
16/03/24 21:30:00,1.548249383631628e-05
16/03/24 21:45:00,1.9292505385237746e-05
16/03/24 22:00:00,2.030514042417053e-05
16/03/24 22:15:00,1.9749886632780544e-05
16/03/24 22:30:00,1.845898623287212e-05
16/03/24 22:45:00,1.9079168851021677e-05
16/03/24 23:00:00,1.791908471204806e-05
16/03/24 23:15:00,1.936255102918949e-05
16/03/24 23:30:00,1.7828568161348812e-05
16/03/24 23:45:00,1.8531591194914654e-05
16/03/25 00:00:00,1.737726415740326e-05
16/03/25 00:15:00,1.601887561264448e-05
16/03/25 00:30:00,1.706509465293493e-05
16/03/25 00:45:00,1.7083006241591647e-05
16/03/25 01:00:00,1.5170322512858547e-05
16/03/25 01:15:00,1.8986733266501687e-05
16/03/25 01:30:00,1.810843423299957e-05
16/03/25 01:45:00,1.8424761947244406e-05
16/03/25 02:00:00,1.7522474081488326e-05
16/03/25 02:15:00,1.639949368836824e-05
16/03/25 02:30:00,1.8432758224662393e-05
16/03/25 02:45:00,1.7337924873572774e-05
16/03/25 03:00:00,1.711627010081429e-05
16/03/25 03:15:00,1.8365270079812035e-05
16/03/25 03:30:00,1.840589175117202e-05
16/03/25 03:45:00,1.784552114258986e-05
16/03/25 04:00:00,1.728770621411968e-05
16/03/25 04:15:00,1.7066373402485624e-05
16/03/25 04:30:00,1.8054699467029423e-05
16/03/25 04:45:00,1.752919160935562e-05
16/03/25 05:00:00,1.592548142070882e-05
16/03/25 05:15:00,1.7857353668659925e-05
16/03/25 05:30:00,1.7854476027423516e-05
16/03/25 05:45:00,1.7841362932813354e-05
16/03/25 06:00:00,1.6574129404034466e-05
16/03/25 06:15:00,1.897233960335143e-05
16/03/25 06:30:00,1.8178161553805694e-05
16/03/25 06:45:00,1.925988181028515e-05
16/03/25 07:00:00,1.8068452845909633e-05
16/03/25 07:15:00,1.624404831090942e-05
16/03/25 07:30:00,2.0762199710588902e-05
16/03/25 07:45:00,1.73478383658221e-05
16/03/25 08:00:00,1.8894616005127318e-05
16/03/25 08:15:00,1.7014557670336217e-05
16/03/25 08:30:00,1.582377080922015e-05
16/03/25 08:45:00,2.020790816459339e-05
16/03/25 09:00:00,1.9525674360920675e-05
16/03/25 09:15:00,1.887478538264986e-05
16/03/25 09:30:00,1.8243090380565263e-05
16/03/25 09:45:00,1.9930919734179042e-05
16/03/25 10:00:00,1.7262438632315025e-05
16/03/25 10:15:00,1.856133712863084e-05
16/03/25 10:30:00,1.796642209228594e-05
16/03/25 10:45:00,1.9150495063513517e-05
16/03/25 11:00:00,1.879674346128013e-05
16/03/25 11:15:00,1.9305300156702287e-05
16/03/25 11:30:00,1.8562295736046508e-05
16/03/25 11:45:00,1.879674346128013e-05
16/03/25 12:00:00,1.8992488548974507e-05
16/03/25 12:15:00,1.9723340301425196e-05
16/03/25 12:30:00,1.7385900719091296e-05
16/03/25 12:45:00,1.8072931197821163e-05
16/03/25 13:00:00,1.861379132606089e-05
16/03/25 13:15:00,1.8327207726542838e-05
16/03/25 13:30:00,1.8917966372100636e-05
16/03/25 13:45:00,1.8959226508741267e-05
16/03/25 14:00:00,1.9728777260752395e-05
16/03/25 14:15:00,1.893939588626381e-05
16/03/25 14:30:00,1.9126506231259555e-05
16/03/25 14:45:00,1.9344959582667798e-05
16/03/25 15:00:00,2.071134622383397e-05
16/03/25 15:15:00,2.128642881871201e-05
16/03/25 15:30:00,1.7383341401000507e-05
16/03/25 15:45:00,2.1249006749712862e-05
16/03/25 16:00:00,1.9676641386467963e-05
16/03/25 16:15:00,2.083032813970931e-05
16/03/25 16:30:00,1.731681368255522e-05
16/03/25 16:45:00,1.9888060705852695e-05
16/03/25 17:00:00,2.073725227091927e-05
16/03/25 17:15:00,1.953335049620364e-05
16/03/25 17:30:00,1.8954428014694713e-05
16/03/25 17:45:00,2.0909330487484112e-05
16/03/25 18:00:00,1.9340803191880696e-05
16/03/25 18:15:00,1.973773214558605e-05
16/03/25 18:30:00,1.98976558749564e-05
16/03/25 18:45:00,2.0281791876186617e-05
16/03/25 19:00:00,1.993187834159471e-05
16/03/25 19:15:00,2.075612428598106e-05
16/03/25 19:30:00,1.8175280274590477e-05
16/03/25 19:45:00,1.749432885844726e-05
16/03/25 20:00:00,1.9573331883293577e-05
16/03/25 20:15:00,2.0271556422812864e-05
16/03/25 20:30:00,2.050664261332713e-05
16/03/25 20:45:00,2.1254763851175085e-05
16/03/25 21:00:00,1.8742370230029337e-05
16/03/25 21:15:00,1.924612843140494e-05
16/03/25 21:30:00,2.0124745788052678e-05
16/03/25 21:45:00,1.982345202122815e-05
16/03/25 22:00:00,1.772046016412787e-05
16/03/25 22:15:00,1.923525269376114e-05
16/03/25 22:30:00,1.7865349946077913e-05
16/03/25 22:45:00,1.763889849826228e-05
16/03/25 23:00:00,1.9126824554405175e-05
16/03/25 23:15:00,1.8155771613237448e-05
16/03/25 23:30:00,2.010651587625034e-05
16/03/25 23:45:00,1.659268127696123e-05
16/03/26 00:00:00,1.877563408925198e-05
16/03/26 00:15:00,1.9324170352774672e-05
16/03/26 00:30:00,1.754614459059667e-05
16/03/26 00:45:00,1.6253643480013125e-05
16/03/26 01:00:00,1.6043184587033466e-05
16/03/26 01:15:00,1.6714222510927357e-05
16/03/26 01:30:00,1.5680798242101446e-05
16/03/26 01:45:00,1.7019994629663415e-05
16/03/26 02:00:00,1.742300264595542e-05
16/03/26 02:15:00,1.760115810611751e-05
16/03/26 02:30:00,1.758228609105572e-05
16/03/26 02:45:00,1.537918251415249e-05
16/03/26 03:00:00,1.787782457540743e-05
16/03/26 03:15:00,1.5728135622339323e-05
16/03/26 03:30:00,1.617464113223832e-05
16/03/26 03:45:00,1.721318403724581e-05
16/03/26 04:00:00,1.5774194253026508e-05
16/03/26 04:15:00,1.7237811334780417e-05
16/03/26 04:30:00,1.6120908185257576e-05
16/03/26 04:45:00,1.5146334590099286e-05
16/03/26 05:00:00,1.3371345630730502e-05
16/03/26 05:15:00,1.2949628398928326e-05
16/03/26 05:30:00,1.3354394468478858e-05
16/03/26 05:45:00,1.5138658454816323e-05
16/03/26 06:00:00,1.2951228200108744e-05
16/03/26 06:15:00,1.3346558262128383e-05
16/03/26 06:30:00,1.2945150047016796e-05
16/03/26 06:45:00,1.4353116057463922e-05
16/03/26 07:00:00,1.474396776757203e-05
16/03/26 07:15:00,1.4061415640753694e-05
16/03/26 07:30:00,1.3890937225369271e-05
16/03/26 07:45:00,1.4633940736530349e-05
16/03/26 08:00:00,1.4080285836826079e-05
16/03/26 08:15:00,1.5069251276145224e-05
16/03/26 08:30:00,1.4010239283379633e-05
16/03/26 08:45:00,1.4261959222494625e-05
16/03/26 09:00:00,1.457093094359152e-05
16/03/26 09:15:00,1.349080957879778e-05
16/03/26 09:30:00,1.4080926121096127e-05
16/03/26 09:45:00,1.662242539168801e-05
16/03/26 10:00:00,1.5065734260133468e-05
16/03/26 10:15:00,1.4046701835468411e-05
16/03/26 10:30:00,1.5848077964619733e-05
16/03/26 10:45:00,1.563442128826864e-05
16/03/26 11:00:00,1.734271972964052e-05
16/03/26 11:15:00,1.549432818137575e-05
16/03/26 11:30:00,1.603646705916617e-05
16/03/26 11:45:00,1.6543104720767587e-05
16/03/26 12:00:00,1.6665606381138787e-05
16/03/26 12:15:00,1.661762871663086e-05
16/03/26 12:30:00,1.7358393961330876e-05
16/03/26 12:45:00,1.7154012311948463e-05
16/03/26 13:00:00,1.581673313921783e-05
16/03/26 13:15:00,1.608924321772065e-05
16/03/26 13:30:00,1.8155771613237448e-05
16/03/26 13:45:00,1.6876065274118446e-05
16/03/26 14:00:00,1.8011200154433027e-05
16/03/26 14:15:00,1.741276719258167e-05
16/03/26 14:30:00,1.8275713955517858e-05
16/03/26 14:45:00,2.021814179897774e-05
16/03/26 15:00:00,1.9453069398878142e-05
16/03/26 15:15:00,2.1811936676385812e-05
16/03/26 15:30:00,2.3267239157576114e-05
16/03/26 15:45:00,2.391332782281097e-05
16/03/26 16:00:00,2.568783747847192e-05
16/03/26 16:15:00,2.5912690034601837e-05
16/03/26 16:30:00,2.6237015845254064e-05
16/03/26 16:45:00,2.8328811822575517e-05
16/03/26 17:00:00,2.733984547376167e-05
16/03/26 17:15:00,2.821942325681448e-05
16/03/26 17:30:00,3.0249169867602177e-05
16/03/26 17:45:00,2.8781072614947334e-05
16/03/26 18:00:00,3.0470502679236233e-05
16/03/26 18:15:00,2.8987695259274915e-05
16/03/26 18:30:00,2.995171416841913e-05
16/03/26 18:45:00,2.6810179406311363e-05
16/03/26 19:00:00,2.7829210011987016e-05
16/03/26 19:15:00,3.0234456062316895e-05
16/03/26 19:30:00,2.9435479518724605e-05
16/03/26 19:45:00,2.8046066290698946e-05
16/03/26 20:00:00,2.809404395520687e-05
16/03/26 20:15:00,2.8600679797818884e-05
16/03/26 20:30:00,2.668256092874799e-05
16/03/26 20:45:00,2.757653419394046e-05
16/03/26 21:00:00,2.8170805308036506e-05
16/03/26 21:15:00,2.7048145057051443e-05
16/03/26 21:30:00,2.664769817783963e-05
16/03/26 21:45:00,2.8169526558485813e-05
16/03/26 22:00:00,2.6773077479447238e-05
16/03/26 22:15:00,2.749465056695044e-05
16/03/26 22:30:00,2.4548864530515857e-05
16/03/26 22:45:00,2.7741574740502983e-05
16/03/26 23:00:00,2.80671774817165e-05
16/03/26 23:15:00,2.9059980079182424e-05
16/03/26 23:30:00,2.6173363949055783e-05
16/03/26 23:45:00,2.725156991800759e-05
16/03/27 00:00:00,2.7373109332984313e-05
16/03/27 00:15:00,2.696882438613102e-05
16/03/27 00:30:00,2.7572694307309575e-05
16/03/27 00:45:00,2.3542628696304746e-05
16/03/27 01:00:00,2.6860714569920674e-05
16/03/27 01:15:00,2.53254511335399e-05
16/03/27 01:30:00,2.7578451408771798e-05
16/03/27 01:45:00,2.5412129616597667e-05
16/03/27 02:00:00,2.2865511709824204e-05
16/03/27 02:15:00,2.4930759536800906e-05
16/03/27 02:30:00,2.6036792405648157e-05
16/03/27 02:45:00,2.3679520381847396e-05
16/03/27 03:00:00,2.3135780793381855e-05
16/03/27 03:15:00,2.3975058866199106e-05
16/03/27 03:30:00,2.276539999002125e-05
16/03/27 03:45:00,2.294995283591561e-05
16/03/27 04:00:00,2.3477057766285725e-05
16/03/27 04:15:00,2.1627065507345833e-05
16/03/27 04:30:00,2.126404069713317e-05
16/03/27 04:45:00,2.4248847694252618e-05
16/03/27 05:00:00,2.403966755082365e-05
16/03/27 05:15:00,2.3206146579468623e-05
16/03/27 05:30:00,2.2224539861781523e-05
16/03/27 05:45:00,2.0160889107501134e-05
16/03/27 06:00:00,1.953079117811285e-05
16/03/27 06:15:00,2.075612428598106e-05
16/03/27 06:30:00,2.1370549802668393e-05
16/03/27 06:45:00,1.9852555851684883e-05
16/03/27 07:00:00,2.082584978779778e-05
16/03/27 07:15:00,1.905102180899121e-05
16/03/27 07:30:00,1.941916525538545e-05
16/03/27 07:45:00,1.8709106370806694e-05
16/03/27 08:00:00,1.7814814782468602e-05
16/03/27 08:15:00,1.6417723600170575e-05
16/03/27 08:30:00,1.8305780031369068e-05
16/03/27 08:45:00,1.4958265637687873e-05
16/03/27 09:00:00,1.801887628971599e-05
16/03/27 09:15:00,1.7900212696986273e-05
16/03/27 09:30:00,1.6790985682746395e-05
16/03/27 09:45:00,1.6477855751872994e-05
16/03/27 10:00:00,1.900176539493259e-05
16/03/27 10:15:00,1.6830326785566285e-05
16/03/27 10:30:00,1.785031781764701e-05
16/03/27 10:45:00,1.566064929647837e-05
16/03/27 11:00:00,1.7730055333231576e-05
16/03/27 11:15:00,1.8508562789065763e-05
16/03/27 11:30:00,1.6558456991333514e-05
16/03/27 11:45:00,1.881497519207187e-05
16/03/27 12:00:00,1.8536387869971804e-05
16/03/27 12:15:00,1.821014484448824e-05
16/03/27 12:30:00,1.8900052964454517e-05
16/03/27 12:45:00,1.9904691725969315e-05
16/03/27 13:00:00,2.051559931715019e-05
16/03/27 13:15:00,2.0928840967826545e-05
16/03/27 13:30:00,1.795394746295642e-05
16/03/27 13:45:00,1.9656172298709862e-05
16/03/27 14:00:00,2.1735173504566774e-05
16/03/27 14:15:00,2.013242192333564e-05
16/03/27 14:30:00,1.9255083316238597e-05
16/03/27 14:45:00,1.989413794944994e-05
16/03/27 15:00:00,2.0253644834156148e-05
16/03/27 15:15:00,2.017592305492144e-05
16/03/27 15:30:00,2.2405252821044996e-05
16/03/27 15:45:00,1.8765078493743204e-05
16/03/27 16:00:00,2.095218951581046e-05
16/03/27 16:15:00,2.4430202756775543e-05
16/03/27 16:30:00,1.9082686776528135e-05
16/03/27 16:45:00,2.1255404135445133e-05
16/03/27 17:00:00,2.0664647308876738e-05
16/03/27 17:15:00,2.36999912885949e-05
16/03/27 17:30:00,2.3633781893295236e-05
16/03/27 17:45:00,2.342396510357503e-05
16/03/27 18:00:00,2.050664261332713e-05
16/03/27 18:15:00,2.1543586626648903e-05
16/03/27 18:30:00,2.1013280274928547e-05
16/03/27 18:45:00,2.2548862034454942e-05
16/03/27 19:00:00,2.118088013958186e-05
16/03/27 19:15:00,2.3390379283227958e-05
16/03/27 19:30:00,2.1180559997446835e-05
16/03/27 19:45:00,2.141788718290627e-05
16/03/27 20:00:00,1.7619388017919846e-05
16/03/27 20:15:00,2.3930919269332662e-05
16/03/27 20:30:00,2.218231929873582e-05
16/03/27 20:45:00,2.056933408312034e-05
16/03/27 21:00:00,2.1110834495630115e-05
16/03/27 21:15:00,1.942172457347624e-05
16/03/27 21:30:00,2.0701430912595242e-05
16/03/27 21:45:00,2.1412448404589668e-05
16/03/27 22:00:00,2.2812098904978484e-05
16/03/27 22:15:00,1.9805218471447006e-05
16/03/27 22:30:00,1.9017756130779162e-05
16/03/27 22:45:00,2.2486494344775565e-05
16/03/27 23:00:00,2.0130182747379877e-05
16/03/27 23:15:00,1.835471448430326e-05
16/03/27 23:30:00,2.0802821381948888e-05
16/03/27 23:45:00,1.925348442455288e-05
16/03/28 00:00:00,1.9822171452688053e-05
16/03/28 00:15:00,1.9798184439423494e-05
16/03/28 00:30:00,2.0314735593274236e-05
16/03/28 00:45:00,2.0385421521496028e-05
16/03/28 01:00:00,1.8190954506280832e-05
16/03/28 01:15:00,1.730306030367501e-05
16/03/28 01:30:00,1.9788587451330386e-05
16/03/28 01:45:00,1.9379183868295513e-05
16/03/28 02:00:00,1.9040146071347408e-05
16/03/28 02:15:00,2.126340041286312e-05
16/03/28 02:30:00,2.007453076657839e-05
16/03/28 02:45:00,2.1195273802732117e-05
16/03/28 03:00:00,2.0977457097615115e-05
16/03/28 03:15:00,1.8624346921569668e-05
16/03/28 03:30:00,2.1457226466736756e-05
16/03/28 03:45:00,2.0047344150952995e-05
16/03/28 04:00:00,2.032337215496227e-05
16/03/28 04:15:00,1.9776753106270917e-05
16/03/28 04:30:00,1.919847090903204e-05
16/03/28 04:45:00,2.145466896763537e-05
16/03/28 05:00:00,1.7941154510481283e-05
16/03/28 05:15:00,1.8310896848561242e-05
16/03/28 05:30:00,1.970095036085695e-05
16/03/28 05:45:00,1.9842640540446155e-05
16/03/28 06:00:00,1.5406050806632265e-05
16/03/28 06:15:00,1.9690394765348174e-05
16/03/28 06:30:00,1.7898295482154936e-05
16/03/28 06:45:00,1.7076288713724352e-05
16/03/28 07:00:00,1.6985772163025104e-05
16/03/28 07:15:00,1.8154811186832376e-05
16/03/28 07:30:00,1.806013642635662e-05
16/03/28 07:45:00,1.7809377823141403e-05
16/03/28 08:00:00,1.671902100497391e-05
16/03/28 08:15:00,1.6169204172911122e-05
16/03/28 08:30:00,1.942268318089191e-05
16/03/28 08:45:00,1.5974417692632414e-05
16/03/28 09:00:00,1.617048474145122e-05
16/03/28 09:15:00,1.888022234197706e-05
16/03/28 09:30:00,1.831825284170918e-05
16/03/28 09:45:00,1.8355995052843355e-05
16/03/28 10:00:00,1.5231094039336313e-05
16/03/28 10:15:00,1.4295222172222566e-05
16/03/28 10:30:00,1.7652972019277513e-05
16/03/28 10:45:00,1.835375587688759e-05
16/03/28 11:00:00,1.673341466812417e-05
16/03/28 11:15:00,1.821462319639977e-05
16/03/28 11:30:00,1.70823659573216e-05
16/03/28 11:45:00,1.8074850231641904e-05
16/03/28 12:00:00,2.2799304133513942e-05
16/03/28 12:15:00,2.0160248823231086e-05
16/03/28 12:30:00,1.9793706087511964e-05
16/03/28 12:45:00,1.9474498913041316e-05
16/03/28 13:00:00,1.7853515601018444e-05
16/03/28 13:15:00,1.866944512585178e-05
16/03/28 13:30:00,1.9336324839969166e-05
16/03/28 13:45:00,2.1204868971835822e-05
16/03/28 14:00:00,2.008700539590791e-05
16/03/28 14:15:00,2.0512081391643733e-05
16/03/28 14:30:00,2.1788588128401898e-05
16/03/28 14:45:00,2.1787949663121253e-05
16/03/28 15:00:00,1.8191274648415856e-05
16/03/28 15:15:00,2.2398855435312726e-05
16/03/28 15:30:00,2.3073092961567454e-05
16/03/28 15:45:00,2.1866950191906653e-05
16/03/28 16:00:00,2.3505524950451218e-05
16/03/28 16:15:00,2.0936837245244533e-05
16/03/28 16:30:00,2.4272196242236532e-05
16/03/28 16:45:00,2.30151999858208e-05
16/03/28 17:00:00,2.4675204258528538e-05
16/03/28 17:15:00,2.509452315280214e-05
16/03/28 17:30:00,2.5658093363745138e-05
16/03/28 17:45:00,2.663586383278016e-05
16/03/28 18:00:00,2.2318894480122253e-05
16/03/28 18:15:00,2.3514161512139253e-05
16/03/28 18:30:00,2.3925802452140488e-05
16/03/28 18:45:00,2.3060936655383557e-05
16/03/28 19:00:00,2.51987930823816e-05
16/03/28 19:15:00,2.1726857085013762e-05
16/03/28 19:30:00,2.1231735445326194e-05
16/03/28 19:45:00,2.4651855710544623e-05
16/03/28 20:00:00,2.190309351135511e-05
16/03/28 20:15:00,2.4041906726779416e-05
16/03/28 20:30:00,2.444107667542994e-05
16/03/28 20:45:00,2.2079648260842077e-05
16/03/28 21:00:00,2.1901494619669393e-05
16/03/28 21:15:00,2.041484731307719e-05
16/03/28 21:30:00,2.1172243577893823e-05
16/03/28 21:45:00,2.473661515978165e-05
16/03/28 22:00:00,2.1596999431494623e-05
16/03/28 22:15:00,1.9616511053754948e-05
16/03/28 22:30:00,2.2361433366313577e-05
16/03/28 22:45:00,2.3002086891210638e-05
16/03/28 23:00:00,2.0558778487611562e-05
16/03/28 23:15:00,2.2088604964665137e-05
16/03/28 23:30:00,1.9859273379552178e-05
16/03/28 23:45:00,2.0276034774724394e-05
16/03/29 00:00:00,2.1044945242465474e-05
16/03/29 00:15:00,1.8892376829171553e-05
16/03/29 00:30:00,2.011930882872548e-05
16/03/29 00:45:00,1.6490650523337536e-05
16/03/29 01:00:00,1.978506952582393e-05
16/03/29 01:15:00,2.026579932135064e-05
16/03/29 01:30:00,2.1213823856669478e-05
16/03/29 01:45:00,2.0443952962523326e-05
16/03/29 02:00:00,1.862178760347888e-05
16/03/29 02:15:00,1.9589642761275172e-05
16/03/29 02:30:00,1.996898208744824e-05
16/03/29 02:45:00,1.8504084437154233e-05
16/03/29 03:00:00,1.8702068700804375e-05
16/03/29 03:15:00,1.9037908714381047e-05
16/03/29 03:30:00,2.036750993283931e-05
16/03/29 03:45:00,1.957269159902353e-05
16/03/29 04:00:00,1.93558353203116e-05
16/03/29 04:15:00,1.7138978364528157e-05
16/03/29 04:30:00,1.986663119168952e-05
16/03/29 04:45:00,1.7471938917879015e-05
16/03/29 05:00:00,1.8116750652552582e-05
16/03/29 05:15:00,1.682424954196904e-05
16/03/29 05:30:00,1.5330886526498944e-05
16/03/29 05:45:00,1.6096919353003614e-05
16/03/29 06:00:00,1.8399174223304726e-05
16/03/29 06:15:00,1.7628344721742906e-05
16/03/29 06:30:00,1.7996168026002124e-05
16/03/29 06:45:00,1.779018566594459e-05
16/03/29 07:00:00,1.554486334498506e-05
16/03/29 07:15:00,1.6768915884313174e-05
16/03/29 07:30:00,1.5320971215260215e-05
16/03/29 07:45:00,1.6436595615232363e-05
16/03/29 08:00:00,1.890772909973748e-05
16/03/29 08:15:00,1.5817371604498476e-05
16/03/29 08:30:00,1.5990090105333365e-05
16/03/29 08:45:00,1.580106072651688e-05
16/03/29 09:00:00,1.8082206224789843e-05
16/03/29 09:15:00,1.531041561975144e-05
16/03/29 09:30:00,1.6631702237646095e-05
16/03/29 09:45:00,1.6835123460623436e-05
16/03/29 10:00:00,1.8851118511520326e-05
16/03/29 10:15:00,1.668063850956969e-05
16/03/29 10:30:00,1.7139618648798205e-05
16/03/29 10:45:00,1.6662086636642925e-05
16/03/29 11:00:00,1.7849039068096317e-05
16/03/29 11:15:00,1.7690714230411686e-05
16/03/29 11:30:00,1.6992487871902995e-05
16/03/29 11:45:00,1.805278043320868e-05
16/03/29 12:00:00,1.833936221373733e-05
16/03/29 12:15:00,1.661570968281012e-05
16/03/29 12:30:00,1.8993130652233958e-05
16/03/29 12:45:00,1.6474337826366536e-05
16/03/29 13:00:00,1.8650574929779395e-05
16/03/29 13:15:00,1.9484732547425665e-05
16/03/29 13:30:00,1.9532069927663542e-05
16/03/29 13:45:00,1.8292985259904526e-05
16/03/29 14:00:00,1.932672967086546e-05
16/03/29 14:15:00,1.9753724700422026e-05
16/03/29 14:30:00,1.9337925550644286e-05
16/03/29 14:45:00,1.848361353040673e-05
16/03/29 15:00:00,1.9646575310616754e-05
16/03/29 15:15:00,2.0454508558032103e-05
16/03/29 15:30:00,1.9224698917241767e-05
16/03/29 15:45:00,1.942460221471265e-05
16/03/29 16:00:00,2.211963146692142e-05
16/03/29 16:15:00,2.1038867998868227e-05
16/03/29 16:30:00,2.2466663722298108e-05
16/03/29 16:45:00,2.1345282220863737e-05
16/03/29 17:00:00,1.9757562768063508e-05
16/03/29 17:15:00,1.696434264886193e-05
16/03/29 17:30:00,1.823285492719151e-05
16/03/29 17:45:00,1.975596387637779e-05
16/03/29 18:00:00,1.7636340999160893e-05
16/03/29 18:15:00,1.7923242921824567e-05
16/03/29 18:30:00,1.8524553524912335e-05
16/03/29 18:45:00,1.7953308997675776e-05
16/03/29 19:00:00,1.9202629118808545e-05
16/03/29 19:15:00,1.8779792299028486e-05
16/03/29 19:30:00,1.7822490917751566e-05
16/03/29 19:45:00,1.921510192914866e-05
16/03/29 20:00:00,1.6113232049974613e-05
16/03/29 20:15:00,1.886359132186044e-05
16/03/29 20:30:00,1.783752304618247e-05
16/03/29 20:45:00,1.6565494661335833e-05
16/03/29 21:00:00,1.8319531591259874e-05
16/03/29 21:15:00,1.577099465066567e-05
16/03/29 21:30:00,1.7600837963982485e-05
16/03/29 21:45:00,1.725476249703206e-05
16/03/29 22:00:00,1.6317293557222e-05
16/03/29 22:15:00,1.8063656170852482e-05
16/03/29 22:30:00,1.5141537005547434e-05
16/03/29 22:45:00,1.5587722373311408e-05
16/03/29 23:00:00,1.532576970930677e-05
16/03/29 23:15:00,1.7394217138644308e-05
16/03/29 23:30:00,1.568815605423879e-05
16/03/29 23:45:00,1.446026362827979e-05
16/03/30 00:00:00,1.55045618157601e-05
16/03/30 00:15:00,1.7673763068160042e-05
16/03/30 00:30:00,1.570414679008536e-05
16/03/30 00:45:00,1.7782189388526604e-05
16/03/30 01:00:00,1.63595123012783e-05
16/03/30 01:15:00,1.7417884009773843e-05
16/03/30 01:30:00,1.617464113223832e-05
16/03/30 01:45:00,1.533536305942107e-05
16/03/30 02:00:00,1.3638898053613957e-05
16/03/30 02:15:00,1.3660007425642107e-05
16/03/30 02:30:00,1.665121271798853e-05
16/03/30 02:45:00,1.6566453268751502e-05
16/03/30 03:00:00,1.627699202799704e-05
16/03/30 03:15:00,1.6021755072870292e-05
16/03/30 03:30:00,1.4776592252019327e-05
16/03/30 03:45:00,1.4695991012558807e-05
16/03/30 04:00:00,1.570574750076048e-05
16/03/30 04:15:00,1.5494966646656394e-05
16/03/30 04:30:00,1.6850477550178766e-05
16/03/30 04:45:00,1.5415325833600946e-05
16/03/30 05:00:00,1.6247886378550902e-05
16/03/30 05:15:00,1.6663687347318046e-05
16/03/30 05:30:00,1.5582923879264854e-05
16/03/30 05:45:00,1.5905010513961315e-05
16/03/30 06:00:00,1.4151291907182895e-05
16/03/30 06:15:00,1.4585643839382101e-05
16/03/30 06:30:00,1.613338099559769e-05
16/03/30 06:45:00,1.3949788808531594e-05
16/03/30 07:00:00,1.3888378816773184e-05
16/03/30 07:15:00,1.4400132386072073e-05
16/03/30 07:30:00,1.423796948074596e-05
16/03/30 07:45:00,1.4046701835468411e-05
16/03/30 08:00:00,1.5455627362825908e-05
16/03/30 08:15:00,1.4243727491702884e-05
16/03/30 08:30:00,1.602431439096108e-05
16/03/30 08:45:00,1.4265797290136106e-05
16/03/30 09:00:00,1.4447788998950273e-05
16/03/30 09:15:00,1.381961101287743e-05
16/03/30 09:30:00,1.4684156667499337e-05
16/03/30 09:45:00,1.3888057765143458e-05
16/03/30 10:00:00,1.408412390446756e-05
16/03/30 10:15:00,1.2647692528844345e-05
16/03/30 10:30:00,1.3664805010193959e-05
16/03/30 10:45:00,1.3897013559471816e-05
16/03/30 11:00:00,1.595394678588491e-05
16/03/30 11:15:00,1.2752762813761365e-05
16/03/30 11:30:00,1.4317612112790812e-05
16/03/30 11:45:00,1.542779864394106e-05
16/03/30 12:00:00,1.1754201295843814e-05
16/03/30 12:15:00,1.4206944797479082e-05
16/03/30 12:30:00,1.3841360669175629e-05
16/03/30 12:45:00,1.459843770135194e-05
16/03/30 13:00:00,1.4474656381935347e-05
16/03/30 13:15:00,1.3718539776164107e-05
16/03/30 13:30:00,1.3717260117118713e-05
16/03/30 13:45:00,1.5712463209638372e-05
16/03/30 14:00:00,1.4785548046347685e-05
16/03/30 14:15:00,1.7567253962624818e-05
16/03/30 14:30:00,1.54092485900037e-05
16/03/30 14:45:00,1.5032149349281099e-05
16/03/30 15:00:00,1.456901190977078e-05
16/03/30 15:15:00,1.495890501246322e-05
16/03/30 15:30:00,1.547065949125681e-05
16/03/30 15:45:00,1.5664485545130447e-05
16/03/30 16:00:00,1.6242767742369324e-05
16/03/30 16:15:00,1.0551419109106064e-05
16/03/30 16:30:00,1.3239089639682788e-05
16/03/30 16:45:00,1.5403491488541476e-05
16/03/30 17:00:00,1.2286106539249886e-05
16/03/30 17:15:00,1.4675841157441027e-05
16/03/30 17:30:00,1.1195749721082393e-05
16/03/30 17:45:00,1.3870466318621766e-05
16/03/30 18:00:00,1.1890456335095223e-05
16/03/30 18:15:00,1.4804738384555094e-05
16/03/30 18:30:00,1.2801699085684959e-05
16/03/30 18:45:00,1.3425719771475997e-05
16/03/30 19:00:00,1.4698869563289918e-05
16/03/30 19:15:00,1.3394535017141607e-05
16/03/30 19:30:00,1.3067012332612649e-05
16/03/30 19:45:00,1.1717578672687523e-05
16/03/30 20:00:00,1.3828886949340813e-05
16/03/30 20:15:00,1.0818330338224769e-05
16/03/30 20:30:00,1.4148414265946485e-05
16/03/30 20:45:00,1.0634738828230184e-05
16/03/30 21:00:00,1.3831765500071924e-05
16/03/30 21:15:00,1.1704465578077361e-05
16/03/30 21:30:00,1.169327151728794e-05
16/03/30 21:45:00,7.821048711775802e-06
16/03/30 22:00:00,1.122389585361816e-05
16/03/30 22:15:00,9.498004146735184e-06
16/03/30 22:30:00,1.4512717825709842e-05
16/03/30 22:45:00,1.2447788321878761e-05
16/03/30 23:00:00,1.432208955520764e-05
16/03/30 23:15:00,1.0436913726152852e-05
16/03/30 23:30:00,1.1181356057932135e-05
16/03/30 23:45:00,1.1215899576200172e-05
