"Date Heure, GMT+01:00",Pression différentielle (m),Température (K)
2016-06-27 12:00:00,-0.020847860676446804,291.49199999999996
2016-06-27 12:15:00,0.11249929196339141,287.048
2016-06-27 12:30:00,0.016577636162858712,287.065
2016-06-27 12:45:00,-0.00987347922557,287.089
2016-06-27 13:00:00,-0.00918884645759465,287.11699999999996
2016-06-27 13:15:00,-0.0069006116260226435,287.135
2016-06-27 13:30:00,-0.005825008632508127,287.171
2016-06-27 13:45:00,-0.005106760706874087,287.212
2016-06-27 14:00:00,-0.004629055142068795,287.245
2016-06-27 14:15:00,-0.005161085678925488,287.287
2016-06-27 14:30:00,-0.005148121532039356,287.327
2016-06-27 14:45:00,-0.005168772542812066,287.354
2016-06-27 15:00:00,-0.004621030499249628,287.409
2016-06-27 15:15:00,-0.0043829975487093935,287.462
2016-06-27 15:30:00,-0.004501094362715759,287.52799999999996
2016-06-27 15:45:00,-0.004642589547314599,287.56399999999996
2016-06-27 16:00:00,-0.004231955664805652,287.63899999999995
2016-06-27 16:15:00,-0.004562098331960138,287.671
2016-06-27 16:30:00,-0.004664939025432589,287.72499999999997
2016-06-27 16:45:00,-0.004435107128571371,287.79699999999997
2016-06-27 17:00:00,-0.0049662679188646796,287.86699999999996
2016-06-27 17:15:00,-0.004656044636050036,287.917
2016-06-27 17:30:00,-0.004679857367033762,287.96799999999996
2016-06-27 17:45:00,-0.004225470856310577,288.005
2016-06-27 18:00:00,-0.00428232575154101,288.03
2016-06-27 18:15:00,-0.004170038188164692,288.06
2016-06-27 18:30:00,-0.00461159867213211,288.09
2016-06-27 18:45:00,-0.004491900485129796,288.10699999999997
2016-06-27 19:00:00,-0.004757915753558066,288.128
2016-06-27 19:15:00,-0.0047612949104098145,288.145
2016-06-27 19:30:00,-0.004507650282564871,288.166
2016-06-27 19:45:00,-0.004726019576135174,288.17999999999995
2016-06-27 20:00:00,-0.004224639400476522,288.18899999999996
2016-06-27 20:15:00,-0.0043515307744641015,288.19199999999995
2016-06-27 20:30:00,-0.0046043056557458105,288.19899999999996
2016-06-27 20:45:00,-0.004391113815773724,288.207
2016-06-27 21:00:00,-0.004353684627981517,288.217
2016-06-27 21:15:00,-0.004262562265170043,288.226
2016-06-27 21:30:00,-0.004299991452962099,288.21599999999995
2016-06-27 21:45:00,-0.004970514087227653,288.202
2016-06-27 22:00:00,-0.003853174198886099,288.198
2016-06-27 22:15:00,-0.0046477820436993155,288.183
2016-06-27 22:30:00,-0.0043564319878015845,288.15999999999997
2016-06-27 22:45:00,-0.004396015029111206,288.17499999999995
2016-06-27 23:00:00,-0.004536146790245347,288.19199999999995
2016-06-27 23:15:00,-0.004389967828949757,288.181
2016-06-27 23:30:00,-0.00437255785489858,288.144
2016-06-27 23:45:00,-0.004380127111545612,288.089
2016-06-28 00:00:00,-0.004844592289204344,288.042
2016-06-28 00:15:00,-0.004931762501752085,288.003
2016-06-28 00:30:00,-0.004893839637058564,287.96599999999995
2016-06-28 00:45:00,-0.004969923315977008,287.938
2016-06-28 01:00:00,-0.005311666706552775,287.911
2016-06-28 01:15:00,-0.0057589981504210614,287.881
2016-06-28 01:30:00,-0.004859533878748193,287.844
2016-06-28 01:45:00,-0.0049099272134262295,287.794
2016-06-28 02:00:00,-0.004647805291641993,287.74199999999996
2016-06-28 02:15:00,-0.005294870751694769,287.697
2016-06-28 02:30:00,-0.00505606788399264,287.649
2016-06-28 02:45:00,-0.005273805380531263,287.589
2016-06-28 03:00:00,-0.004865504497451285,287.52599999999995
2016-06-28 03:15:00,-0.005364375262821422,287.472
2016-06-28 03:30:00,-0.005745563574576293,287.433
2016-06-28 03:45:00,-0.005506108396951664,287.40599999999995
2016-06-28 04:00:00,-0.0053160974909314705,287.39099999999996
2016-06-28 04:15:00,-0.005933934816871055,287.375
2016-06-28 04:30:00,-0.005483303532661691,287.354
2016-06-28 04:45:00,-0.006447271272722239,287.327
2016-06-28 05:00:00,-0.005797558282250431,287.29999999999995
2016-06-28 05:15:00,-0.006036737219614328,287.27299999999997
2016-06-28 05:30:00,-0.005462238161497881,287.246
2016-06-28 05:45:00,-0.006058772166742407,287.224
2016-06-28 06:00:00,-0.005531919083483929,287.20399999999995
2016-06-28 06:15:00,-0.005595908362079777,287.188
2016-06-28 06:30:00,-0.006498910423625429,287.174
2016-06-28 06:45:00,-0.005749004270099898,287.16499999999996
2016-06-28 07:00:00,-0.00544735811062604,287.159
2016-06-28 07:15:00,-0.005236399440681885,287.15799999999996
2016-06-28 07:30:00,-0.00542303118985018,287.15599999999995
2016-06-28 07:45:00,-0.005737562179699653,287.15599999999995
2016-06-28 08:00:00,-0.006332436008328228,287.15599999999995
2016-06-28 08:15:00,-0.005937651752655392,287.161
2016-06-28 08:30:00,-0.006403401037268456,287.167
2016-06-28 08:45:00,-0.006109165501420594,287.174
2016-06-28 09:00:00,-0.005604979162321875,287.179
2016-06-28 09:15:00,-0.0057561974570851625,287.185
2016-06-28 09:30:00,-0.005589861161918479,287.19399999999996
2016-06-28 09:45:00,-0.005593022882129495,287.21799999999996
2016-06-28 10:00:00,-0.006007232845240556,287.248
2016-06-28 10:15:00,-0.006275263847055723,287.267
2016-06-28 10:30:00,-0.006069482630709785,287.28799999999995
2016-06-28 10:45:00,-0.005313667397153474,287.31199999999995
2016-06-28 11:00:00,-0.005861823801107012,287.33799999999997
2016-06-28 11:15:00,-0.005243769038526543,287.361
2016-06-28 11:30:00,-0.0054581068653225965,287.37899999999996
2016-06-28 11:45:00,-0.005437949531451352,287.399
2016-06-28 12:00:00,-0.006355555403608113,287.418
2016-06-28 12:15:00,-0.005697047853154939,287.45399999999995
2016-06-28 12:30:00,-0.005964209108407177,287.501
2016-06-28 12:45:00,-0.005808445157077354,287.54699999999997
2016-06-28 13:00:00,-0.005593731260619684,287.604
2016-06-28 13:15:00,-0.005496482381136244,287.65299999999996
2016-06-28 13:30:00,-0.005928319754939214,287.71299999999997
2016-06-28 13:45:00,-0.005421386056020579,287.775
2016-06-28 14:00:00,-0.006358417635615717,287.82899999999995
2016-06-28 14:15:00,-0.006102895394514092,287.87899999999996
2016-06-28 14:30:00,-0.0059032994984598176,287.921
2016-06-28 14:45:00,-0.005857945497249478,287.96599999999995
2016-06-28 15:00:00,-0.005599617092707937,288.012
2016-06-28 15:15:00,-0.005929542323221538,288.051
2016-06-28 15:30:00,-0.005993945962208486,288.116
2016-06-28 15:45:00,-0.006131192243392344,288.16299999999995
2016-06-28 16:00:00,-0.006131685920293658,288.21
2016-06-28 16:15:00,-0.006292251255559776,288.26099999999997
2016-06-28 16:30:00,-0.0059884307296776814,288.325
2016-06-28 16:45:00,-0.005904284117210588,288.361
2016-06-28 17:00:00,-0.005714766888092012,288.393
2016-06-28 17:15:00,-0.005658326353252526,288.44899999999996
2016-06-28 17:30:00,-0.006162136622689325,288.519
2016-06-28 17:45:00,-0.0061819178868986495,288.57399999999996
2016-06-28 18:00:00,-0.006380920276650423,288.614
2016-06-28 18:15:00,-0.0065933804901896435,288.661
2016-06-28 18:30:00,-0.006334044218954502,288.70799999999997
2016-06-28 18:45:00,-0.00610170291180477,288.73499999999996
2016-06-28 19:00:00,-0.006375128803859189,288.769
2016-06-28 19:15:00,-0.006865343129378176,288.80499999999995
2016-06-28 19:30:00,-0.007110055077111387,288.82
2016-06-28 19:45:00,-0.007141437064742145,288.816
2016-06-28 20:00:00,-0.006902120007247881,288.816
2016-06-28 20:15:00,-0.006901112140554282,288.81699999999995
2016-06-28 20:30:00,-0.006576146926997859,288.80699999999996
2016-06-28 20:45:00,-0.006856134209005711,288.787
2016-06-28 21:00:00,-0.006769695622890989,288.77099999999996
2016-06-28 21:15:00,-0.0065728470866566295,288.756
2016-06-28 21:30:00,-0.007169381091901155,288.734
2016-06-28 21:45:00,-0.007041343731089609,288.705
2016-06-28 22:00:00,-0.007172128451721071,288.67699999999996
2016-06-28 22:15:00,-0.006474552049750562,288.65
2016-06-28 22:30:00,-0.007284277894967175,288.62
2016-06-28 22:45:00,-0.007110392856043976,288.589
2016-06-28 23:00:00,-0.007164165347573761,288.556
2016-06-28 23:15:00,-0.006908228746081036,288.525
2016-06-28 23:30:00,-0.007026563509618803,288.489
2016-06-28 23:45:00,-0.007165411163798763,288.453
2016-06-29 00:00:00,-0.00736198345977254,288.414
2016-06-29 00:15:00,-0.007430656515064835,288.373
2016-06-29 00:30:00,-0.007260012512863171,288.332
2016-06-29 00:45:00,-0.007354020355625078,288.293
2016-06-29 01:00:00,-0.0072066954075055215,288.256
2016-06-29 01:15:00,-0.007011507047887265,288.219
2016-06-29 01:30:00,-0.007439550904447388,288.181
2016-06-29 01:45:00,-0.007116463304147952,288.142
2016-06-29 02:00:00,-0.006941787835172039,288.10499999999996
2016-06-29 02:15:00,-0.007350326667783419,288.066
2016-06-29 02:30:00,-0.006915821250670898,288.029
2016-06-29 02:45:00,-0.007214957999856243,287.98999999999995
2016-06-29 03:00:00,-0.007070656651817487,287.95
2016-06-29 03:15:00,-0.0072223891363730605,287.90799999999996
2016-06-29 03:30:00,-0.007783371567082213,287.86699999999996
2016-06-29 03:45:00,-0.006911475252906889,287.823
2016-06-29 04:00:00,-0.00737594043056562,287.77599999999995
2016-06-29 04:15:00,-0.007663635089350567,287.72799999999995
2016-06-29 04:30:00,-0.00762996112807218,287.67999999999995
2016-06-29 04:45:00,-0.007576782142844897,287.631
2016-06-29 05:00:00,-0.007522595290924014,287.58299999999997
2016-06-29 05:15:00,-0.007936390893643976,287.532
2016-06-29 05:30:00,-0.007550401197952658,287.474
2016-06-29 05:45:00,-0.007600794532630845,287.424
2016-06-29 06:00:00,-0.007644132800453984,287.381
2016-06-29 06:15:00,-0.007560579694289543,287.335
2016-06-29 06:30:00,-0.007886059097637796,287.29699999999997
2016-06-29 06:45:00,-0.008103934714306786,287.26399999999995
2016-06-29 07:00:00,-0.00730098769568449,287.233
2016-06-29 07:15:00,-0.00750979251211123,287.209
2016-06-29 07:30:00,-0.007606171645031132,287.188
2016-06-29 07:45:00,-0.007469063483977641,287.168
2016-06-29 08:00:00,-0.007485189351074636,287.152
2016-06-29 08:15:00,-0.00755702412657825,287.135
2016-06-29 08:30:00,-0.008037100981541841,287.12
2016-06-29 08:45:00,-0.008029690357915693,287.10699999999997
2016-06-29 09:00:00,-0.007639155005658143,287.101
2016-06-29 09:15:00,-0.007844066475441,287.108
2016-06-29 09:30:00,-0.00845599472134935,287.125
2016-06-29 09:45:00,-0.007624175125384962,287.143
2016-06-29 10:00:00,-0.008267485358924222,287.15599999999995
2016-06-29 10:15:00,-0.008309301570261777,287.162
2016-06-29 10:30:00,-0.008095101863596089,287.171
2016-06-29 10:45:00,-0.008200828037018822,287.195
2016-06-29 11:00:00,-0.0075537625769658955,287.23999999999995
2016-06-29 11:15:00,-0.007699071791698251,287.279
2016-06-29 11:30:00,-0.007505523095805426,287.315
2016-06-29 11:45:00,-0.00800919524511201,287.358
2016-06-29 12:00:00,-0.00789467451170776,287.397
2016-06-29 12:15:00,-0.008043362883291863,287.453
2016-06-29 12:30:00,-0.007994115535437642,287.529
2016-06-29 12:45:00,-0.008107173015976158,287.59999999999997
2016-06-29 13:00:00,-0.007972850505471762,287.679
2016-06-29 13:15:00,-0.00795095367847405,287.755
2016-06-29 13:30:00,-0.00782469410151815,287.82599999999996
2016-06-29 13:45:00,-0.007998717260571714,287.88399999999996
2016-06-29 14:00:00,-0.008340222701615928,287.959
2016-06-29 14:15:00,-0.00828089668682616,288.04499999999996
2016-06-29 14:30:00,-0.00821236175166408,288.113
2016-06-29 14:45:00,-0.008706231474295547,288.21999999999997
2016-06-29 15:00:00,-0.008125447266486402,288.301
2016-06-29 15:15:00,-0.008134062680556213,288.40099999999995
2016-06-29 15:30:00,-0.008341483560627583,288.453
2016-06-29 15:45:00,-0.008129931384380775,288.534
2016-06-29 16:00:00,-0.008515268770149593,288.613
2016-06-29 16:15:00,-0.008139040475351902,288.681
2016-06-29 16:30:00,-0.008517184674135606,288.73999999999995
2016-06-29 16:45:00,-0.00804983401652644,288.81699999999995
2016-06-29 17:00:00,-0.00728105463608415,288.881
2016-06-29 17:15:00,-0.008320650668891158,288.935
2016-06-29 17:30:00,-0.008139334493451143,288.986
2016-06-29 17:45:00,-0.008186248841876244,289.048
2016-06-29 18:00:00,-0.008451611800382166,289.09
2016-06-29 18:15:00,-0.00812714026372736,289.12699999999995
2016-06-29 18:30:00,-0.008463112694402412,289.15999999999997
2016-06-29 18:45:00,-0.00830497745291429,289.188
2016-06-29 19:00:00,-0.008389400305642116,289.20599999999996
2016-06-29 19:15:00,-0.008505205146000396,289.21999999999997
2016-06-29 19:30:00,-0.008631088653294526,289.224
2016-06-29 19:45:00,-0.008631088653294526,289.224
2016-06-29 20:00:00,-0.008634112253375174,289.221
2016-06-29 20:15:00,-0.008668517841086581,289.214
2016-06-29 20:30:00,-0.008706954895572237,289.203
2016-06-29 20:45:00,-0.009054093176386953,289.191
2016-06-29 21:00:00,-0.008759502083767688,289.178
2016-06-29 21:15:00,-0.008227609667041665,289.16299999999995
2016-06-29 21:30:00,-0.008686383201310046,289.142
2016-06-29 21:45:00,-0.00870855626856849,289.12
2016-06-29 22:00:00,-0.008716263645345737,289.092
2016-06-29 22:15:00,-0.009133220968276715,289.065
2016-06-29 22:30:00,-0.008775727780265872,289.03299999999996
2016-06-29 22:45:00,-0.008522814778853948,288.99899999999997
2016-06-29 23:00:00,-0.008717371341440374,288.962
2016-06-29 23:15:00,-0.008831892074844624,288.923
2016-06-29 23:30:00,-0.00866024020594936,288.883
2016-06-29 23:45:00,-0.00846706757971815,288.844
2016-06-30 00:00:00,-0.008536748501704198,288.80199999999996
2016-06-30 00:15:00,-0.00839547075374609,288.75899999999996
2016-06-30 00:30:00,-0.008495525796669448,288.714
2016-06-30 00:45:00,-0.008876931545065051,288.668
2016-06-30 01:00:00,-0.008485685079265151,288.62199999999996
2016-06-30 01:15:00,-0.008249905811643672,288.57099999999997
2016-06-30 01:30:00,-0.008188881329508775,288.52299999999997
2016-06-30 01:45:00,-0.008450233334130966,288.474
2016-06-30 02:00:00,-0.008344369040577865,288.423
2016-06-30 02:15:00,-0.008452487017049568,288.37
2016-06-30 02:30:00,-0.008034107467034044,288.31699999999995
2016-06-30 02:45:00,-0.008473237857223466,288.268
2016-06-30 03:00:00,-0.00852463905859495,288.217
2016-06-30 03:15:00,-0.008574024526579538,288.168
2016-06-30 03:30:00,-0.008415257488059736,288.12199999999996
2016-06-30 03:45:00,-0.00859355006341895,288.07399999999996
2016-06-30 04:00:00,-0.008323365208086216,288.03
2016-06-30 04:15:00,-0.008623509823965161,287.98999999999995
2016-06-30 04:30:00,-0.00859062629273949,287.948
2016-06-30 04:45:00,-0.008547881531218852,287.909
2016-06-30 05:00:00,-0.00864188937398076,287.87
2016-06-30 05:15:00,-0.008807079682323627,287.835
2016-06-30 05:30:00,-0.00881500449574191,287.79999999999995
2016-06-30 05:45:00,-0.008820913575772842,287.767
2016-06-30 06:00:00,-0.008824806922416724,287.736
2016-06-30 06:15:00,-0.008911759698323734,287.70399999999995
2016-06-30 06:30:00,-0.008914645178274169,287.674
2016-06-30 06:45:00,-0.00928474695639974,287.64599999999996
2016-06-30 07:00:00,-0.008888816713903243,287.625
2016-06-30 07:15:00,-0.008858304472835718,287.601
2016-06-30 07:30:00,-0.009248701704962902,287.58
2016-06-30 07:45:00,-0.009028534114646587,287.561
2016-06-30 08:00:00,-0.00912268007753871,287.549
2016-06-30 08:15:00,-0.008891425953592944,287.541
2016-06-30 08:30:00,-0.00937229323860925,287.532
2016-06-30 08:45:00,-0.00934796631783339,287.529
2016-06-30 09:00:00,-0.009222082810539413,287.525
2016-06-30 09:15:00,-0.009330694463912732,287.519
2016-06-30 09:30:00,-0.009225106410620213,287.522
2016-06-30 09:45:00,-0.009015946037422375,287.52599999999995
2016-06-30 10:00:00,-0.009215027743684514,287.532
2016-06-30 10:15:00,-0.009312552863428535,287.537
2016-06-30 10:30:00,-0.009071002635906492,287.546
2016-06-30 10:45:00,-0.009113609277296611,287.558
2016-06-30 11:00:00,-0.00924251638467139,287.55899999999997
2016-06-30 11:15:00,-0.00941302226674284,287.573
2016-06-30 11:30:00,-0.009884166441594547,287.594
2016-06-30 11:45:00,-0.009702712146024318,287.618
2016-06-30 12:00:00,-0.009629869503827408,287.63599999999997
2016-06-30 12:15:00,-0.00966138961158838,287.659
2016-06-30 12:30:00,-0.009588546969391317,287.67699999999996
2016-06-30 12:45:00,-0.009749982051220669,287.7
2016-06-30 13:00:00,-0.009962086707988638,287.727
2016-06-30 13:15:00,-0.00975025829148125,287.75399999999996
2016-06-30 13:30:00,-0.009413554234373483,287.77599999999995
2016-06-30 13:45:00,-0.009735278411208222,287.796
2016-06-30 14:00:00,-0.009589237570042998,287.81199999999995
2016-06-30 14:15:00,-0.00937136195337416,287.84499999999997
2016-06-30 14:30:00,-0.009171766057319734,287.887
2016-06-30 14:45:00,-0.009675438206626318,287.92999999999995
2016-06-30 15:00:00,-0.009358159856956778,287.98699999999997
2016-06-30 15:15:00,-0.009612218845192517,288.04699999999997
2016-06-30 15:30:00,-0.009657196776741086,288.077
2016-06-30 15:45:00,-0.00952453444285264,288.13399999999996
2016-06-30 16:00:00,-0.009192493649550954,288.226
2016-06-30 16:15:00,-0.008683682337375485,288.31699999999995
2016-06-30 16:30:00,-0.009470503488900784,288.364
2016-06-30 16:45:00,-0.009551032994984577,288.41299999999995
2016-06-30 17:00:00,-0.009393173993757187,288.495
2016-06-30 17:15:00,-0.009464494579468666,288.52599999999995
2016-06-30 17:30:00,-0.009374300766840123,288.568
2016-06-30 17:45:00,-0.00936773937688669,288.62199999999996
2016-06-30 18:00:00,-0.009502831804553134,288.644
2016-06-30 18:15:00,-0.009196778108642955,288.717
2016-06-30 18:30:00,-0.009991662193716751,288.756
2016-06-30 18:45:00,-0.009819416818518986,288.798
2016-06-30 19:00:00,-0.010096518620576403,288.808
2016-06-30 19:15:00,-0.010053180352753266,288.851
2016-06-30 19:30:00,-0.009932829855828449,288.88899999999995
2016-06-30 19:45:00,-0.010018043138608991,288.91299999999995
2016-06-30 20:00:00,-0.009762600214017883,288.929
2016-06-30 20:15:00,-0.010006304295057344,288.945
2016-06-30 20:30:00,-0.009946346483235743,288.957
2016-06-30 20:45:00,-0.009728332746436691,288.96299999999997
2016-06-30 21:00:00,-0.010016521082123257,288.962
2016-06-30 21:15:00,-0.009925043162540684,288.95099999999996
2016-06-30 21:30:00,-0.009909787042006922,288.93899999999996
2016-06-30 21:45:00,-0.00994721622979913,288.929
2016-06-30 22:00:00,-0.009774694614340631,288.917
2016-06-30 22:15:00,-0.009951109576443011,288.89799999999997
2016-06-30 22:30:00,-0.009745842549889056,288.871
2016-06-30 22:45:00,-0.00971633817551498,288.846
2016-06-30 23:00:00,-0.009746574176321923,288.816
2016-06-30 23:15:00,-0.009283492935018409,288.787
2016-06-30 23:30:00,-0.00959587007135062,288.762
2016-06-30 23:45:00,-0.009696280671045075,288.73699999999997
2016-07-01 00:00:00,-0.009332740282872783,288.71099999999996
2016-07-01 00:15:00,-0.00962280623181603,288.681
2016-07-01 00:30:00,-0.009736101661885948,288.65
2016-07-01 00:45:00,-0.009786850553335235,288.62
2016-07-01 01:00:00,-0.009688179446767399,288.589
2016-07-01 01:15:00,-0.009307367204674144,288.553
2016-07-01 01:30:00,-0.009713890303898475,288.51599999999996
2016-07-01 01:45:00,-0.009754204971640965,288.476
2016-07-01 02:00:00,-0.009378432063015559,288.435
2016-07-01 02:15:00,-0.009438251754706792,288.39599999999996
2016-07-01 02:30:00,-0.00950591694330579,288.356
2016-07-01 02:45:00,-0.00964879606426,288.316
2016-07-01 03:00:00,-0.009513348079822457,288.274
2016-07-01 03:15:00,-0.009630892413307357,288.23199999999997
2016-07-01 03:30:00,-0.009466078174626106,288.19199999999995
2016-07-01 03:45:00,-0.009709506015405135,288.154
2016-07-01 04:00:00,-0.00995372428623673,288.12199999999996
2016-07-01 04:15:00,-0.009515187402350113,288.089
2016-07-01 04:30:00,-0.01004759400886827,288.056
2016-07-01 04:45:00,-0.009503469071689134,288.02599999999995
2016-07-01 05:00:00,-0.009763160899695374,287.99899999999997
2016-07-01 05:15:00,-0.009921296141183344,287.971
2016-07-01 05:30:00,-0.009557755753011052,287.945
2016-07-01 05:45:00,-0.00976656056943779,287.921
2016-07-01 06:00:00,-0.009894321689988604,287.89599999999996
2016-07-01 06:15:00,-0.009709567554076993,287.86899999999997
2016-07-01 06:30:00,-0.009709429433946778,287.842
2016-07-01 06:45:00,-0.009847051784792253,287.81399999999996
2016-07-01 07:00:00,-0.009900606839681456,287.78799999999995
2016-07-01 07:15:00,-0.009845767677838223,287.76099999999997
2016-07-01 07:30:00,-0.00995301590774654,287.736
2016-07-01 07:45:00,-0.00976523817175428,287.712
2016-07-01 08:00:00,-0.009916318346387504,287.691
2016-07-01 08:15:00,-0.010295846481526425,287.674
2016-07-01 08:30:00,-0.009758914731332401,287.664
2016-07-01 08:45:00,-0.009479797195887783,287.65599999999995
2016-07-01 09:00:00,-0.010300530258223023,287.649
2016-07-01 09:15:00,-0.00963807055750612,287.655
2016-07-01 09:30:00,-0.009918195959644186,287.662
2016-07-01 09:45:00,-0.009839958427208176,287.66499999999996
2016-07-01 10:00:00,-0.01005127265392358,287.686
2016-07-01 10:15:00,-0.010042201853681482,287.695
2016-07-01 10:30:00,-0.010018013053035988,287.719
2016-07-01 10:45:00,-0.009972520931695435,287.73699999999997
2016-07-01 11:00:00,-0.010067812881411524,287.751
2016-07-01 11:15:00,-0.010031391560313069,287.76
2016-07-01 11:30:00,-0.009934221997339995,287.775
2016-07-01 11:45:00,-0.00961644997076914,287.78499999999997
2016-07-01 12:00:00,-0.009707927890351712,287.796
2016-07-01 12:15:00,-0.010013388079959239,287.80499999999995
2016-07-01 12:30:00,-0.009894915196291106,287.81399999999996
2016-07-01 12:45:00,-0.009865331505406815,287.823
2016-07-01 13:00:00,-0.010112059186527075,287.83599999999996
2016-07-01 13:15:00,-0.010326397013323128,287.854
2016-07-01 13:30:00,-0.010060005675232938,287.90799999999996
2016-07-01 13:45:00,-0.010274126065388259,287.933
2016-07-01 14:00:00,-0.010300962396452633,287.981
2016-07-01 14:15:00,-0.010192488863209831,288.01399999999995
2016-07-01 14:30:00,-0.010596620159385194,288.054
2016-07-01 14:45:00,-0.010071406739851995,288.10699999999997
2016-07-01 15:00:00,-0.010256160875763608,288.13399999999996
2016-07-01 15:15:00,-0.010081109337125926,288.17199999999997
2016-07-01 15:30:00,-0.00989842973822121,288.20399999999995
2016-07-01 15:45:00,-0.010183950030598377,288.226
2016-07-01 16:00:00,-0.009803414028765856,288.24399999999997
2016-07-01 16:15:00,-0.00974367365358514,288.24899999999997
2016-07-01 16:30:00,-0.010201360004649555,288.263
2016-07-01 16:45:00,-0.01008166181764724,288.28
2016-07-01 17:00:00,-0.010196458791311919,288.29499999999996
2016-07-01 17:15:00,-0.010419867418350071,288.304
2016-07-01 17:30:00,-0.010440162872351683,288.311
2016-07-01 17:45:00,-0.01024345245624769,288.323
2016-07-01 18:00:00,-0.010848325635301295,288.347
2016-07-01 18:15:00,-0.010089486801664336,288.37399999999997
2016-07-01 18:30:00,-0.009852323597687488,288.399
2016-07-01 18:45:00,-0.009288179446767169,288.416
2016-07-01 19:00:00,-0.009563403635567904,288.455
2016-07-01 19:15:00,-0.00951690364753375,288.474
2016-07-01 19:30:00,-0.009633716354585783,288.48699999999997
2016-07-01 19:45:00,-0.009576782142844832,288.496
2016-07-01 20:00:00,-0.009724976837527622,288.505
2016-07-01 20:15:00,-0.009537337221665727,288.508
2016-07-01 20:30:00,-0.010066067918180889,288.49899999999997
2016-07-01 20:45:00,-0.01016122174776661,288.486
2016-07-01 21:00:00,-0.010378445054512946,288.474
2016-07-01 21:15:00,-0.010025121453406567,288.465
2016-07-01 21:30:00,-0.01050217470828951,288.453
2016-07-01 21:45:00,-0.010727243511943612,288.44
2016-07-01 22:00:00,-0.01010926806587366,288.429
2016-07-01 22:15:00,-0.010101857442247512,288.416
2016-07-01 22:30:00,-0.010821251354705517,288.40099999999995
2016-07-01 22:45:00,-0.010079408134728638,288.38399999999996
2016-07-01 23:00:00,-0.009963603294370205,288.37
2016-07-01 23:15:00,-0.010293252284623225,288.35499999999996
2016-07-01 23:30:00,-0.0107182725411027,288.32
2016-07-01 23:45:00,-0.01012650162906529,288.28299999999996
2016-07-02 00:00:00,-0.010513737140981612,288.238
2016-07-02 00:15:00,-0.01053476422141609,288.19
2016-07-02 00:30:00,-0.010331374808118968,288.13399999999996
2016-07-02 00:45:00,-0.010415165863814812,288.078
2016-07-02 01:00:00,-0.010700054359160147,288.02599999999995
2016-07-02 01:15:00,-0.01052804693349363,287.96599999999995
2016-07-02 01:30:00,-0.010619900922738124,287.902
2016-07-02 01:45:00,-0.00997307341221675,287.84499999999997
2016-07-02 02:00:00,-0.010421274602648118,287.787
2016-07-02 02:15:00,-0.010450364616631094,287.731
2016-07-02 02:30:00,-0.01050478941808338,287.67699999999996
2016-07-02 02:45:00,-0.010397917257836831,287.62699999999995
2016-07-02 03:00:00,-0.010001848895209815,287.57899999999995
2016-07-02 03:15:00,-0.010339422698880966,287.529
2016-07-02 03:30:00,-0.01056939271587255,287.484
2016-07-02 03:45:00,-0.010428114967914444,287.441
2016-07-02 04:00:00,-0.011775424873247278,287.4
2016-07-02 04:15:00,-0.0108546572808795,287.35699999999997
2016-07-02 04:30:00,-0.01039582494299112,287.31699999999995
2016-07-02 04:45:00,-0.010331559424134691,287.279
2016-07-02 05:00:00,-0.010473430678395299,287.23999999999995
2016-07-02 05:15:00,-0.010564414921076558,287.20399999999995
2016-07-02 05:30:00,-0.010655399163757816,287.168
2016-07-02 05:45:00,-0.010425014786375284,287.13199999999995
2016-07-02 06:00:00,-0.010305830789165105,287.101
2016-07-02 06:15:00,-0.010156490107658499,287.066
2016-07-02 06:30:00,-0.010894025620600399,287.03299999999996
2016-07-02 06:45:00,-0.010537540299283004,287.0
2016-07-02 07:00:00,-0.010456358483276864,286.972
2016-07-02 07:15:00,-0.010222733069172799,286.94599999999997
2016-07-02 07:30:00,-0.010456872673068999,286.924
2016-07-02 07:45:00,-0.010967323648969747,286.90599999999995
2016-07-02 08:00:00,-0.010822152554367607,286.894
2016-07-02 08:15:00,-0.01099957538316374,286.87399999999997
2016-07-02 08:30:00,-0.010721465714412721,286.86499999999995
2016-07-02 08:45:00,-0.010120544685622849,286.871
2016-07-02 09:00:00,-0.010824820597677157,286.871
2016-07-02 09:15:00,-0.01089398732987122,286.87699999999995
2016-07-02 09:30:00,-0.010561176619407186,286.868
2016-07-02 09:45:00,-0.011015701250260735,286.858
2016-07-02 10:00:00,-0.010550742395700538,286.858
2016-07-02 10:15:00,-0.010624948461362149,286.859
2016-07-02 10:30:00,-0.010259530459933174,286.86199999999997
2016-07-02 10:45:00,-0.011006768570148852,286.894
2016-07-02 11:00:00,-0.012504920700583509,286.93399999999997
2016-07-02 11:15:00,-0.01081638159446689,286.95399999999995
2016-07-02 11:30:00,-0.010831637715000652,286.96599999999995
2016-07-02 11:45:00,-0.010652199152817622,286.988
2016-07-02 12:00:00,-0.01092526948810079,287.00199999999995
2016-07-02 12:15:00,-0.010619077672060245,287.048
2016-07-02 12:30:00,-0.011046389902187653,287.065
2016-07-02 12:45:00,-0.011054946512637616,287.104
2016-07-02 13:00:00,-0.010928193258780404,287.128
2016-07-02 13:15:00,-0.010698085121658454,287.14599999999996
2016-07-02 13:30:00,-0.011314044834341355,287.159
2016-07-02 13:45:00,-0.010855626856843922,287.2
2016-07-02 14:00:00,-0.011115594925110744,287.227
2016-07-02 14:15:00,-0.013499615383300304,287.27
2016-07-02 14:30:00,-0.011135514309450586,287.30899999999997
2016-07-02 14:45:00,-0.011275784190715094,287.35299999999995
2016-07-02 15:00:00,-0.011364238510217017,287.36699999999996
2016-07-02 15:15:00,-0.011570513403464572,287.393
2016-07-02 15:30:00,-0.011186222175118535,287.469
2016-07-02 15:45:00,-0.011799375724361369,287.47799999999995
2016-07-02 16:00:00,-0.011302165135607332,287.51
2016-07-02 16:15:00,-0.011117687239956302,287.537
2016-07-02 16:30:00,-0.011364908597978028,287.597
2016-07-02 16:45:00,-0.011624876666245001,287.62399999999997
2016-07-02 17:00:00,-0.011147823411362058,287.63599999999997
2016-07-02 17:15:00,-0.01097895719301604,287.695
2016-07-02 17:30:00,-0.013731201816074491,287.739
2016-07-02 17:45:00,-0.014013836628501223,287.791
2016-07-02 18:00:00,-0.013896154174885957,287.806
2016-07-02 18:15:00,-0.014207799684785147,287.83599999999996
2016-07-02 18:30:00,-0.013777601974707456,287.849
2016-07-02 18:45:00,-0.01415841421680071,287.885
2016-07-02 19:00:00,-0.01335495300838628,287.902
2016-07-02 19:15:00,-0.013769024851366976,287.905
2016-07-02 19:30:00,-0.013753906850963428,287.91999999999996
2016-07-02 19:45:00,-0.013825879746597408,287.92999999999995
2016-07-02 20:00:00,-0.014206415748429778,287.912
2016-07-02 20:15:00,-0.013752760864139613,287.894
2016-07-02 20:30:00,-0.013856985493967433,287.87199999999996
2016-07-02 20:45:00,-0.013980715147743997,287.851
2016-07-02 21:00:00,-0.014344769725708424,287.82899999999995
2016-07-02 21:15:00,-0.014377377016673515,287.81699999999995
2016-07-02 21:30:00,-0.014349670939045907,287.79699999999997
2016-07-02 21:45:00,-0.014042056895920965,287.763
2016-07-02 22:00:00,-0.013944393656046578,287.731
2016-07-02 22:15:00,-0.014057036776194146,287.721
2016-07-02 22:30:00,-0.0136449806666005,287.71599999999995
2016-07-02 22:45:00,-0.013636562176280903,287.70399999999995
2016-07-02 23:00:00,-0.012823753927363794,287.676
2016-07-02 23:15:00,-0.013208973705892914,287.633
2016-07-02 23:30:00,-0.013342426469834077,287.582
2016-07-02 23:45:00,-0.013339126629492696,287.53099999999995
2016-07-03 00:00:00,-0.013487045083914753,287.486
2016-07-03 00:15:00,-0.013265514070133587,287.448
2016-07-03 00:30:00,-0.013405369591006995,287.411
2016-07-03 00:45:00,-0.013682985582856699,287.373
2016-07-03 01:00:00,-0.013511333713961283,287.33299999999997
2016-07-03 01:15:00,-0.013366024499228926,287.294
2016-07-03 01:30:00,-0.013355452155391915,287.25699999999995
2016-07-03 01:45:00,-0.013234469861435418,287.221
2016-07-03 02:00:00,-0.0130109231142669,287.185
2016-07-03 02:15:00,-0.012934780631728609,287.152
2016-07-03 02:30:00,-0.012970055966003249,287.11699999999996
2016-07-03 02:45:00,-0.012297023921449182,287.08599999999996
2016-07-03 03:00:00,-0.012728881808142821,287.051
2016-07-03 03:15:00,-0.01197581393440658,287.018
2016-07-03 03:30:00,-0.012396802724111805,286.98699999999997
2016-07-03 03:45:00,-0.012249260339351517,286.957
2016-07-03 04:00:00,-0.012591003729927133,286.92999999999995
2016-07-03 04:15:00,-0.012351548552302654,286.90299999999996
2016-07-03 04:30:00,-0.018409550801883015,286.876
2016-07-03 04:45:00,-0.018616557321563438,286.847
2016-07-03 05:00:00,-0.018152468213566475,286.81899999999996
2016-07-03 05:15:00,-0.018412160041572714,286.792
2016-07-03 05:30:00,-0.01844038030899246,286.76399999999995
2016-07-03 05:45:00,-0.01862183460456269,286.73999999999995
2016-07-03 06:00:00,-0.018854966341765134,286.719
2016-07-03 06:15:00,-0.018689499793161535,286.7
2016-07-03 06:30:00,-0.019124736836707075,286.68199999999996
2016-07-03 06:45:00,-0.01926976981117885,286.667
2016-07-03 07:00:00,-0.0190992639291074,286.65299999999996
2016-07-03 07:15:00,-0.019006778142831228,286.643
2016-07-03 07:30:00,-0.019359746187166356,286.63199999999995
2016-07-03 07:45:00,-0.019442015186376616,286.625
2016-07-03 08:00:00,-0.019526299918974074,286.616
2016-07-03 08:15:00,-0.01966809185672432,286.611
2016-07-03 08:30:00,-0.019641749202561256,286.60999999999996
2016-07-03 08:45:00,-0.019822551188208984,286.60699999999997
2016-07-03 09:00:00,-0.01951485782857368,286.60699999999997
2016-07-03 09:15:00,-0.02008518729978566,286.611
2016-07-03 09:30:00,-0.01971393953483597,286.613
2016-07-03 09:45:00,-0.019677518213737363,286.62199999999996
2016-07-03 10:00:00,-0.019986002003425537,286.628
2016-07-03 10:15:00,-0.020236761151320046,286.637
2016-07-03 10:30:00,-0.019885591403731234,286.65299999999996
2016-07-03 10:45:00,-0.0201751431628825,286.671
2016-07-03 11:00:00,-0.019877666590313103,286.688
2016-07-03 11:15:00,-0.020230120444856246,286.72499999999997
2016-07-03 11:30:00,-0.020281145576565962,286.74899999999997
2016-07-03 11:45:00,-0.020226582654983463,286.77599999999995
2016-07-03 12:00:00,-0.020070463146882392,286.80199999999996
2016-07-03 12:15:00,-0.020419675964704002,286.849
2016-07-03 12:30:00,-0.02004755845319123,286.87899999999996
2016-07-03 12:45:00,-0.020372661786877865,286.916
2016-07-03 13:00:00,-0.02022474333245581,286.96099999999996
2016-07-03 13:15:00,-0.020463408080027418,286.98199999999997
2016-07-03 13:30:00,-0.020436195679301276,287.00899999999996
2016-07-03 13:45:00,-0.020547969052885612,287.027
2016-07-03 14:00:00,-0.020342978266592388,287.054
2016-07-03 14:15:00,-0.020437617906385975,287.089
2016-07-03 14:30:00,-0.02059725469146886,287.10699999999997
2016-07-03 14:45:00,-0.020630790532617186,287.128
2016-07-03 15:00:00,-0.020930203522063262,287.143
2016-07-03 15:15:00,-0.020535774823161677,287.168
2016-07-03 15:30:00,-0.02084137313289957,287.20399999999995
2016-07-03 15:45:00,-0.020853743773482897,287.246
2016-07-03 16:00:00,-0.020636006276944428,287.306
2016-07-03 16:15:00,-0.021048556063439538,287.358
2016-07-03 16:30:00,-0.021151258636781623,287.385
2016-07-03 16:45:00,-0.020913877996164044,287.417
2016-07-03 17:00:00,-0.02101254910273203,287.448
2016-07-03 17:15:00,-0.020917177836505426,287.46799999999996
2016-07-03 17:30:00,-0.02090205983610203,287.483
2016-07-03 17:45:00,-0.020516701937442542,287.49899999999997
2016-07-03 18:00:00,-0.02036662962950292,287.519
2016-07-03 18:15:00,-0.020383901483423728,287.529
2016-07-03 18:30:00,-0.020005598651619293,287.53799999999995
2016-07-03 18:45:00,-0.020236852775565056,287.546
2016-07-03 19:00:00,-0.020335385762002528,287.54999999999995
2016-07-03 19:15:00,-0.020490635523540215,287.55199999999996
2016-07-03 19:30:00,-0.020387063203634898,287.553
2016-07-03 19:45:00,-0.020411390124410605,287.556
2016-07-03 20:00:00,-0.020272621786741163,287.558
2016-07-03 20:15:00,-0.020252108896098818,287.558
2016-07-03 20:30:00,-0.019985441317748046,287.558
2016-07-03 20:45:00,-0.020170057333529293,287.558
2016-07-03 21:00:00,-0.020255132496179468,287.55499999999995
2016-07-03 21:15:00,-0.019789383211566557,287.549
2016-07-03 21:30:00,-0.020029925572395153,287.541
2016-07-03 21:45:00,-0.02003597277255645,287.53499999999997
2016-07-03 22:00:00,-0.020040004239330698,287.53099999999995
2016-07-03 22:15:00,-0.01973735021316309,287.52599999999995
2016-07-03 22:30:00,-0.02000322736146099,287.52
2016-07-03 22:45:00,-0.02011486261491496,287.51099999999997
2016-07-03 23:00:00,-0.019966667920232172,287.50199999999995
2016-07-03 23:15:00,-0.020236576535304324,287.49199999999996
2016-07-03 23:30:00,-0.02001820724173402,287.47799999999995
2016-07-03 23:45:00,-0.01997560060034375,287.46599999999995
2016-07-04 00:00:00,-0.01995832874642309,287.45599999999996
2016-07-04 00:15:00,-0.01984050817267746,287.44399999999996
2016-07-04 00:30:00,-0.01956743783739429,287.42999999999995
2016-07-04 00:45:00,-0.019739821332722424,287.41499999999996
2016-07-04 01:00:00,-0.019652374879913947,287.4
2016-07-04 01:15:00,-0.019508211652005558,287.387
2016-07-04 01:30:00,-0.019550680173265462,287.37199999999996
2016-07-04 01:45:00,-0.019668362626880577,287.35699999999997
2016-07-04 02:00:00,-0.019683480627284124,287.342
2016-07-04 02:15:00,-0.01962338469533231,287.327
2016-07-04 02:30:00,-0.019663837483205014,287.31399999999996
2016-07-04 02:45:00,-0.019518666388602873,287.30199999999996
2016-07-04 03:00:00,-0.019917482111049958,287.293
2016-07-04 03:15:00,-0.01984147774864188,287.287
2016-07-04 03:30:00,-0.019774326749834866,287.279
2016-07-04 03:45:00,-0.019653482576008737,287.27
2016-07-04 04:00:00,-0.019868690149368023,287.26
2016-07-04 04:15:00,-0.019445191949374132,287.246
2016-07-04 04:30:00,-0.019765987576025938,287.233
2016-07-04 04:45:00,-0.019442030229163118,287.222
2016-07-04 05:00:00,-0.019790176376671433,287.209
2016-07-04 05:15:00,-0.019855963952013445,287.198
2016-07-04 05:30:00,-0.01983768423139888,287.18899999999996
2016-07-04 05:45:00,-0.01964162612521739,287.17999999999995
2016-07-04 06:00:00,-0.01978363549960852,287.168
2016-07-04 06:15:00,-0.019892247152981685,287.162
2016-07-04 06:30:00,-0.01989627861975578,287.15799999999996
2016-07-04 06:45:00,-0.01990534941999788,287.149
2016-07-04 07:00:00,-0.01980782430025401,287.144
2016-07-04 07:15:00,-0.01973181993784578,287.138
2016-07-04 07:30:00,-0.019635302684795512,287.13199999999995
2016-07-04 07:45:00,-0.01974089073808788,287.12899999999996
2016-07-04 08:00:00,-0.01986576637868841,287.13399999999996
2016-07-04 08:15:00,-0.020020008273532498,287.137
2016-07-04 08:30:00,-0.020120339556716285,287.14599999999996
2016-07-04 08:45:00,-0.020209801742911957,287.159
2016-07-04 09:00:00,-0.020035402514196627,287.176
2016-07-04 09:15:00,-0.019940248684610754,287.18899999999996
2016-07-04 09:30:00,-0.020168479208475868,287.2
2016-07-04 09:45:00,-0.019622832214810846,287.219
2016-07-04 10:00:00,-0.02010081401987687,287.23999999999995
2016-07-04 10:15:00,-0.020110022940249335,287.258
2016-07-04 10:30:00,-0.01984349348202893,287.28499999999997
2016-07-04 10:45:00,-0.019988802696761284,287.32399999999996
2016-07-04 11:00:00,-0.01992279768477839,287.342
2016-07-04 11:15:00,-0.02003291088174662,287.38199999999995
2016-07-04 11:30:00,-0.019888016027405215,287.424
2016-07-04 11:45:00,-0.01995832874642309,287.45599999999996
2016-07-04 12:00:00,-0.020233691055354042,287.522
2016-07-04 12:15:00,-0.020332500282052093,287.58
2016-07-04 12:30:00,-0.020169463827226793,287.64
2016-07-04 12:45:00,-0.0200290941165611,287.72499999999997
2016-07-04 13:00:00,-0.020026346756741028,287.782
2016-07-04 13:15:00,-0.02024937931411726,287.866
2016-07-04 13:30:00,-0.019941171764689666,287.914
2016-07-04 13:45:00,-0.02034328732747798,287.95599999999996
2016-07-04 14:00:00,-0.020260504138475587,288.01099999999997
2016-07-04 14:15:00,-0.020229536511235928,288.096
2016-07-04 14:30:00,-0.020462292178776608,288.15
2016-07-04 14:45:00,-0.02028285361659358,288.17199999999997
2016-07-04 15:00:00,-0.020320420924515848,288.18899999999996
2016-07-04 15:15:00,-0.020252755735917,288.229
2016-07-04 15:30:00,-0.02015787814659201,288.296
2016-07-04 15:45:00,-0.020449366322619806,288.346
2016-07-04 16:00:00,-0.020511616108089187,288.38599999999997
2016-07-04 16:15:00,-0.020392925787780472,288.402
2016-07-04 16:30:00,-0.020272575290855657,288.44
2016-07-04 16:45:00,-0.02055283881312409,288.474
2016-07-04 17:00:00,-0.02050950054530095,288.517
2016-07-04 17:15:00,-0.020737078759243566,288.549
2016-07-04 17:30:00,-0.020542522196656986,288.58599999999996
2016-07-04 17:45:00,-0.020411737476025527,288.614
2016-07-04 18:00:00,-0.020572164691161278,288.638
2016-07-04 18:15:00,-0.020979537024058175,288.668
2016-07-04 18:30:00,-0.02085580737028146,288.68899999999996
2016-07-04 18:45:00,-0.020662910984310983,288.70399999999995
2016-07-04 19:00:00,-0.02058704474203312,288.72499999999997
2016-07-04 19:15:00,-0.020517225699916857,288.73999999999995
2016-07-04 19:30:00,-0.020346857937975773,288.753
2016-07-04 19:45:00,-0.020496060499352164,288.76099999999997
2016-07-04 20:00:00,-0.020734369690152677,288.762
2016-07-04 20:15:00,-0.020324329313946232,288.755
2016-07-04 20:30:00,-0.02038327925907423,288.74399999999997
2016-07-04 20:45:00,-0.020165917832197528,288.729
2016-07-04 21:00:00,-0.020604178475823715,288.70799999999997
2016-07-04 21:15:00,-0.020238622354264376,288.68399999999997
2016-07-04 21:30:00,-0.02056107815753213,288.649
2016-07-04 21:45:00,-0.020616866382449115,288.614
2016-07-04 22:00:00,-0.020578943517755594,288.577
2016-07-04 22:15:00,-0.020433634303023238,288.53799999999995
2016-07-04 22:30:00,-0.02057629598733656,288.505
2016-07-04 22:45:00,-0.02040464411844145,288.465
2016-07-04 23:00:00,-0.02066297252298284,288.419
2016-07-04 23:15:00,-0.021169253911979127,288.378
2016-07-04 23:30:00,-0.020508316267747954,288.335
2016-07-04 23:45:00,-0.020506814724152892,288.289
2016-07-05 00:00:00,-0.020494444083569412,288.24699999999996
2016-07-05 00:15:00,-0.020725421967254444,288.20099999999996
2016-07-05 00:30:00,-0.020564856631988326,288.15
2016-07-05 00:45:00,-0.020383778406079862,288.099
2016-07-05 01:00:00,-0.02041387628675659,288.042
2016-07-05 01:15:00,-0.020472332554983125,287.984
2016-07-05 01:30:00,-0.020455574890854297,287.926
2016-07-05 01:45:00,-0.02001891562022421,287.864
2016-07-05 02:00:00,-0.02029336989186275,287.80199999999996
2016-07-05 02:15:00,-0.020398681704894686,287.745
2016-07-05 02:30:00,-0.02032823086574659,287.686
2016-07-05 02:45:00,-0.020184581827630187,287.625
2016-07-05 03:00:00,-0.02011211525509474,287.568
2016-07-05 03:15:00,-0.02000625096154164,287.517
2016-07-05 03:30:00,-0.019632493786303436,287.474
2016-07-05 03:45:00,-0.019851594706306607,287.433
2016-07-05 04:00:00,-0.01999828785739433,287.39599999999996
2016-07-05 04:15:00,-0.020036586791749772,287.358
2016-07-05 04:30:00,-0.0202759831657544,287.32399999999996
2016-07-05 04:45:00,-0.020282900112478932,287.28999999999996
2016-07-05 05:00:00,-0.020239937914317562,287.258
2016-07-05 05:15:00,-0.02047530282154794,287.22799999999995
2016-07-05 05:30:00,-0.020503523088967687,287.2
2016-07-05 05:45:00,-0.02009312715599014,287.173
2016-07-05 06:00:00,-0.020267743821346357,287.149
2016-07-05 06:15:00,-0.020475540771079496,287.126
2016-07-05 06:30:00,-0.020337424743332253,287.10699999999997
2016-07-05 06:45:00,-0.02040724378544882,287.092
2016-07-05 07:00:00,-0.020467201597270418,287.08
2016-07-05 07:15:00,-0.02090322907086852,287.068
2016-07-05 07:30:00,-0.020628143002198153,287.056
2016-07-05 07:45:00,-0.02081398432131373,287.048
2016-07-05 08:00:00,-0.02074481758911997,287.042
2016-07-05 08:15:00,-0.021107211990468295,287.042
2016-07-05 08:30:00,-0.02097225768293222,287.04699999999997
2016-07-05 08:45:00,-0.02091129200441702,287.06
2016-07-05 09:00:00,-0.020869831349850716,287.07399999999996
2016-07-05 09:15:00,-0.02108013770987252,287.096
2016-07-05 09:30:00,-0.02062057374555112,287.111
2016-07-05 09:45:00,-0.0206915387744915,287.12199999999996
2016-07-05 10:00:00,-0.021403225310171956,287.135
2016-07-05 10:15:00,-0.021343405618480724,287.174
2016-07-05 10:30:00,-0.020983520627420912,287.219
2016-07-05 10:45:00,-0.02094723742645267,287.255
2016-07-05 11:00:00,-0.02103179839931071,287.29999999999995
2016-07-05 11:15:00,-0.021028043172797196,287.358
2016-07-05 11:30:00,-0.021258783106950674,287.414
2016-07-05 11:45:00,-0.021290658771482895,287.457
2016-07-05 12:00:00,-0.021310084478921274,287.49199999999996
2016-07-05 12:15:00,-0.021512466025524948,287.549
2016-07-05 12:30:00,-0.02160825165214235,287.60999999999996
2016-07-05 12:45:00,-0.021447448367344676,287.661
2016-07-05 13:00:00,-0.02142541342021675,287.71
2016-07-05 13:15:00,-0.021210699523758928,287.767
2016-07-05 13:30:00,-0.021384367126041394,287.80499999999995
2016-07-05 13:45:00,-0.0217490535010375,287.85699999999997
2016-07-05 14:00:00,-0.021570760925678438,287.905
2016-07-05 14:15:00,-0.021708224643503027,287.945
2016-07-05 14:30:00,-0.021526908468063165,287.996
2016-07-05 14:45:00,-0.021852802231802516,288.039
2016-07-05 15:00:00,-0.021771026909493722,288.09299999999996
2016-07-05 15:15:00,-0.021770295283060702,288.14799999999997
2016-07-05 15:30:00,-0.021760572172896255,288.178
2016-07-05 15:45:00,-0.021939417228776785,288.238
2016-07-05 16:00:00,-0.021900110427727895,288.277
2016-07-05 16:15:00,-0.021773988970902363,288.375
2016-07-05 16:30:00,-0.02212442709205846,288.414
2016-07-05 16:45:00,-0.02215493933312583,288.438
2016-07-05 17:00:00,-0.022321413748423034,288.45599999999996
2016-07-05 17:15:00,-0.02208539653127015,288.50699999999995
2016-07-05 17:30:00,-0.02271710604138813,288.57899999999995
2016-07-05 17:45:00,-0.02256954314373717,288.644
2016-07-05 18:00:00,-0.02239111244824759,288.66499999999996
2016-07-05 18:15:00,-0.022551677783513708,288.71599999999995
2016-07-05 18:30:00,-0.022468756474380947,288.74399999999997
2016-07-05 18:45:00,-0.02233682576692567,288.746
2016-07-05 19:00:00,-0.02251136311577122,288.756
2016-07-05 19:15:00,-0.022663589277228256,288.76099999999997
2016-07-05 19:30:00,-0.022690939798084765,288.76099999999997
2016-07-05 19:45:00,-0.02258456131473953,288.758
2016-07-05 20:00:00,-0.023104873520935095,288.73699999999997
2016-07-05 20:15:00,-0.022696848878115697,288.72799999999995
2016-07-05 20:30:00,-0.0225243272626572,288.71599999999995
2016-07-05 20:45:00,-0.02270275795814678,288.695
2016-07-05 21:00:00,-0.022769415280052177,288.65599999999995
2016-07-05 21:15:00,-0.022567033733448504,288.599
2016-07-05 21:30:00,-0.02269768033394975,288.544
2016-07-05 21:45:00,-0.022680922669820924,288.486
2016-07-05 22:00:00,-0.022424847948197987,288.428
2016-07-05 22:15:00,-0.022615234923879946,288.368
2016-07-05 22:30:00,-0.022543776218038252,288.31
2016-07-05 22:45:00,-0.022530042153990227,288.24899999999997
2016-07-05 23:00:00,-0.022613042779633354,288.18699999999995
2016-07-05 23:15:00,-0.022448090420821888,288.12
2016-07-05 23:30:00,-0.02238771824860934,288.051
2016-07-05 23:45:00,-0.02248561943801513,287.981
2016-07-06 00:00:00,-0.02266478175993758,287.905
2016-07-06 00:15:00,-0.022429872238879333,287.82599999999996
2016-07-06 00:30:00,-0.022457598829397612,287.751
2016-07-06 00:45:00,-0.02261344209723795,287.671
2016-07-06 01:00:00,-0.02269709503280358,287.58799999999997
2016-07-06 01:15:00,-0.02238898731277717,287.50699999999995
2016-07-06 01:30:00,-0.02259650802224958,287.42999999999995
2016-07-06 01:45:00,-0.022679153091121607,287.34799999999996
2016-07-06 02:00:00,-0.02252327153255224,287.272
2016-07-06 02:15:00,-0.02244159603964448,287.197
2016-07-06 02:30:00,-0.022432110879011435,287.125
2016-07-06 02:45:00,-0.022380809507040987,287.04699999999997
2016-07-06 03:00:00,-0.022459423109138763,286.969
2016-07-06 03:15:00,-0.02222048212130627,286.894
2016-07-06 03:30:00,-0.022277574966068105,286.81699999999995
2016-07-06 03:45:00,-0.022245778618046552,286.73999999999995
2016-07-06 04:00:00,-0.022189437912608252,286.667
2016-07-06 04:15:00,-0.022347079477194758,286.592
2016-07-06 04:30:00,-0.02241561441235684,286.524
2016-07-06 04:45:00,-0.02256843408011653,286.447
2016-07-06 05:00:00,-0.022454368732884564,286.37699999999995
2016-07-06 05:15:00,-0.0225013829107107,286.31
2016-07-06 05:30:00,-0.022643116044841247,286.24399999999997
2016-07-06 05:45:00,-0.02247614795264258,286.179
2016-07-06 06:00:00,-0.022579444032287167,286.12399999999997
2016-07-06 06:15:00,-0.02271390466292193,286.072
2016-07-06 06:30:00,-0.02275623506405147,286.03
2016-07-06 06:45:00,-0.02283735807643776,285.99699999999996
2016-07-06 07:00:00,-0.023016796638620943,285.97499999999997
2016-07-06 07:15:00,-0.02293136591919967,285.95799999999997
2016-07-06 07:30:00,-0.02291207833189166,285.95
2016-07-06 07:45:00,-0.02291207833189166,285.95
2016-07-06 08:00:00,-0.02282577786590715,285.96099999999996
2016-07-06 08:15:00,-0.022750919490322888,285.981
2016-07-06 08:30:00,-0.022648493157241534,286.008
2016-07-06 08:45:00,-0.022884134304732497,286.032
2016-07-06 09:00:00,-0.022802220862293488,286.05899999999997
2016-07-06 09:15:00,-0.022696770929131336,286.089
2016-07-06 09:30:00,-0.022720445539984695,286.113
2016-07-06 09:45:00,-0.022480041299286463,286.14799999999997
2016-07-06 10:00:00,-0.022650902738129013,286.18199999999996
2016-07-06 10:15:00,-0.022659241911938244,286.22799999999995
2016-07-06 10:30:00,-0.022665565352360122,286.27599999999995
2016-07-06 10:45:00,-0.022794966136636216,286.32399999999996
2016-07-06 11:00:00,-0.022804313177139046,286.36899999999997
2016-07-06 11:15:00,-0.022698210934054393,286.41999999999996
2016-07-06 11:30:00,-0.022828402148383352,286.474
2016-07-06 11:45:00,-0.022778008813705317,286.524
2016-07-06 12:00:00,-0.02286371577338717,286.59499999999997
2016-07-06 12:15:00,-0.022965548600166023,286.65
2016-07-06 12:30:00,-0.022609833196010825,286.71799999999996
2016-07-06 12:45:00,-0.022817254076082198,286.77
2016-07-06 13:00:00,-0.022878634114988496,286.83799999999997
2016-07-06 13:15:00,-0.023102318982287078,286.90099999999995
2016-07-06 13:30:00,-0.022910054393348433,286.98999999999995
2016-07-06 13:45:00,-0.023076014618853346,287.056
2016-07-06 14:00:00,-0.023024751537611927,287.13399999999996
2016-07-06 14:15:00,-0.02302955292154837,287.231
2016-07-06 14:30:00,-0.022971966399885073,287.26099999999997
2016-07-06 14:45:00,-0.023284757896608076,287.31699999999995
2016-07-06 15:00:00,-0.02316555338650738,287.381
2016-07-06 15:15:00,-0.023301929921127854,287.45599999999996
2016-07-06 15:30:00,-0.023712463974235765,287.51
2016-07-06 15:45:00,-0.023539348852474613,287.58
2016-07-06 16:00:00,-0.023212999702562975,287.64599999999996
2016-07-06 16:15:00,-0.023217662966369054,287.71599999999995
2016-07-06 16:30:00,-0.02323104147364598,287.75699999999995
2016-07-06 16:45:00,-0.023204105313180422,287.83799999999997
2016-07-06 17:00:00,-0.023352931804895043,287.921
2016-07-06 17:15:00,-0.02329965299026657,288.001
2016-07-06 17:30:00,-0.023615823643841478,288.07399999999996
2016-07-06 17:45:00,-0.023571615629455103,288.145
2016-07-06 18:00:00,-0.023533316695099817,288.183
2016-07-06 18:15:00,-0.023654437109186677,288.246
2016-07-06 18:30:00,-0.023683151053507885,288.265
2016-07-06 18:45:00,-0.023718840748173473,288.311
2016-07-06 19:00:00,-0.023826068465191273,288.381
2016-07-06 19:15:00,-0.024172257682932085,288.431
2016-07-06 19:30:00,-0.02396697014348761,288.49899999999997
2016-07-06 19:45:00,-0.023763125344018202,288.55199999999996
2016-07-06 20:00:00,-0.02360499010253008,288.58
2016-07-06 20:15:00,-0.023643782713786986,288.589
2016-07-06 20:30:00,-0.023597935035675185,288.587
2016-07-06 20:45:00,-0.02370856242243555,288.57899999999995
2016-07-06 21:00:00,-0.023489402698812535,288.55899999999997
2016-07-06 21:15:00,-0.0237812669445024,288.534
2016-07-06 21:30:00,-0.02388671687766455,288.50399999999996
2016-07-06 21:45:00,-0.02365813079702834,288.47299999999996
2016-07-06 22:00:00,-0.02361135456873345,288.438
2016-07-06 22:15:00,-0.02378842184075833,288.39799999999997
2016-07-06 22:30:00,-0.023777059066868604,288.35499999999996
2016-07-06 22:45:00,-0.023742377238896467,288.308
2016-07-06 23:00:00,-0.023639319108783283,288.26099999999997
2016-07-06 23:15:00,-0.023559007039340222,288.205
2016-07-06 23:30:00,-0.02374716084499425,288.154
2016-07-06 23:45:00,-0.023225208975073408,288.102
2016-07-07 00:00:00,-0.023304178133942286,288.044
2016-07-07 00:15:00,-0.02318485601660159,287.986
2016-07-07 00:30:00,-0.02335091607150784,287.923
2016-07-07 00:45:00,-0.02313025480428976,287.85699999999997
2016-07-07 01:00:00,-0.022834379604716463,287.791
2016-07-07 01:15:00,-0.022904930273265896,287.721
2016-07-07 01:30:00,-0.023179601981545166,287.652
2016-07-07 01:45:00,-0.022833057207033103,287.582
2016-07-07 02:00:00,-0.022905623608969587,287.51
2016-07-07 02:15:00,-0.023108104984974294,287.438
2016-07-07 02:30:00,-0.023080122667085954,287.364
2016-07-07 02:45:00,-0.023023781961647807,287.291
2016-07-07 03:00:00,-0.022525011025678554,287.21599999999995
2016-07-07 03:15:00,-0.022625935815165144,287.143
2016-07-07 03:30:00,-0.02285778344541341,287.06899999999996
2016-07-07 03:45:00,-0.022745733831568495,286.99699999999996
2016-07-07 04:00:00,-0.023208045155709962,286.92499999999995
2016-07-07 04:15:00,-0.022891874502134906,286.852
2016-07-07 04:30:00,-0.023167554077107928,286.782
2016-07-07 04:45:00,-0.023447047682214162,286.715
2016-07-07 05:00:00,-0.023331974468288597,286.64599999999996
2016-07-07 05:15:00,-0.0232207152844967,286.58
2016-07-07 05:30:00,-0.023125937524572746,286.518
2016-07-07 05:45:00,-0.02329098971278525,286.45599999999996
2016-07-07 06:00:00,-0.023346422380931132,286.40099999999995
2016-07-07 06:15:00,-0.023266900741540943,286.351
2016-07-07 06:30:00,-0.02338343720833224,286.31
2016-07-07 06:45:00,-0.023338459276783824,286.28
2016-07-07 07:00:00,-0.023383951398124377,286.262
2016-07-07 07:15:00,-0.023341344756734106,286.25
2016-07-07 07:30:00,-0.023347391956895554,286.24399999999997
2016-07-07 07:45:00,-0.02328966731510189,286.24699999999996
2016-07-07 08:00:00,-0.023462188930560388,286.25899999999996
2016-07-07 08:15:00,-0.02328073463499016,286.28299999999996
2016-07-07 08:30:00,-0.023405748395721054,286.315
2016-07-07 08:45:00,-0.023239550220684434,286.351
2016-07-07 09:00:00,-0.023071336312260916,286.38899999999995
2016-07-07 09:15:00,-0.023553705140872138,286.426
2016-07-07 09:30:00,-0.023727372743154604,286.464
2016-07-07 09:45:00,-0.023949911623629368,286.501
2016-07-07 10:00:00,-0.023560660378326,286.548
2016-07-07 10:15:00,-0.0234350531112926,286.59799999999996
2016-07-07 10:30:00,-0.023483192763052187,286.652
2016-07-07 10:45:00,-0.02368154284288146,286.71299999999997
2016-07-07 11:00:00,-0.023319780238564965,286.787
2016-07-07 11:15:00,-0.023093979808477997,286.85499999999996
2016-07-07 11:30:00,-0.022888474832392487,286.92999999999995
2016-07-07 11:45:00,-0.023228972406743254,287.006
2016-07-07 12:00:00,-0.023174685725421182,287.087
2016-07-07 12:15:00,-0.02315077316503642,287.16499999999996
2016-07-07 12:30:00,-0.023039769708614436,287.248
2016-07-07 12:45:00,-0.023275687096365977,287.32599999999996
2016-07-07 13:00:00,-0.02316770724002464,287.40599999999995
2016-07-07 13:15:00,-0.023213969278527393,287.489
2016-07-07 13:30:00,-0.02310095008871821,287.57399999999996
2016-07-07 13:45:00,-0.0230639352613171,287.66499999999996
2016-07-07 14:00:00,-0.023306255406001345,287.75699999999995
2016-07-07 14:15:00,-0.02365898550080507,287.84799999999996
2016-07-07 14:30:00,-0.023571301098465194,287.935
2016-07-07 14:45:00,-0.023742438777568476,288.02299999999997
2016-07-07 15:00:00,-0.023654754375228598,288.10999999999996
2016-07-07 15:15:00,-0.023906935750207654,288.19899999999996
2016-07-07 15:30:00,-0.02371063969449461,288.292
2016-07-07 15:45:00,-0.023918198694696347,288.371
2016-07-07 16:00:00,-0.02393207087887474,288.459
2016-07-07 16:15:00,-0.02413156694552798,288.546
2016-07-07 16:30:00,-0.024138384062851473,288.64099999999996
2016-07-07 16:45:00,-0.023954182407461177,288.722
2016-07-07 17:00:00,-0.024229900273163376,288.808
2016-07-07 17:15:00,-0.024094352459324647,288.895
2016-07-07 17:30:00,-0.024108224643502887,288.983
2016-07-07 17:45:00,-0.02430671284346268,289.07099999999997
2016-07-07 18:00:00,-0.024290863216626265,289.14099999999996
2016-07-07 18:15:00,-0.02415855643950922,289.21799999999996
2016-07-07 18:30:00,-0.024142706812672804,289.28799999999995
2016-07-07 18:45:00,-0.024626221628108146,289.351
2016-07-07 19:00:00,-0.024198533328318967,289.409
2016-07-07 19:15:00,-0.02412460350291794,289.462
2016-07-07 19:30:00,-0.024491305611301247,289.512
2016-07-07 19:45:00,-0.02439528203515214,289.553
2016-07-07 20:00:00,-0.024431189166458613,289.592
2016-07-07 20:15:00,-0.024055692498093938,289.60499999999996
2016-07-07 20:30:00,-0.02439152680863862,289.611
2016-07-07 20:45:00,-0.024283132591906186,289.60999999999996
2016-07-07 21:00:00,-0.024324593246472494,289.596
2016-07-07 21:15:00,-0.024374116834587446,289.57399999999996
2016-07-07 21:30:00,-0.02425011094055015,289.541
2016-07-07 21:45:00,-0.024448698969910976,289.5
2016-07-07 22:00:00,-0.024438344062714695,289.45599999999996
2016-07-07 22:15:00,-0.024174996837595976,289.412
2016-07-07 22:30:00,-0.024039766289799317,289.363
2016-07-07 22:45:00,-0.024326670518531702,289.30899999999997
2016-07-07 23:00:00,-0.023989334664391952,289.25699999999995
2016-07-07 23:15:00,-0.024202032827462725,289.202
2016-07-07 23:30:00,-0.024177429666426133,289.145
2016-07-07 23:45:00,-0.02421638091070392,289.08599999999996
2016-07-08 00:00:00,-0.0240699257091476,289.02099999999996
2016-07-08 00:15:00,-0.02406223884526087,288.95399999999995
2016-07-08 00:30:00,-0.023946157764641856,288.88599999999997
2016-07-08 00:45:00,-0.02396402312486532,288.81399999999996
2016-07-08 01:00:00,-0.02406293218096471,288.743
2016-07-08 01:15:00,-0.023769072714778464,288.67499999999995
2016-07-08 01:30:00,-0.02412781171901446,288.604
2016-07-08 01:45:00,-0.02430092684077546,288.534
2016-07-08 02:00:00,-0.024310729267450426,288.46999999999997
2016-07-08 02:15:00,-0.023935826105388407,288.40099999999995
2016-07-08 02:30:00,-0.024353297618111367,288.32599999999996
2016-07-08 02:45:00,-0.023747930762156297,288.255
2016-07-08 03:00:00,-0.023512013374404603,288.17699999999996
2016-07-08 03:15:00,-0.02380259351314014,288.099
2016-07-08 03:30:00,-0.023763742098263534,288.029
2016-07-08 03:45:00,-0.023555175231368197,287.95099999999996
2016-07-08 04:00:00,-0.023688489875178995,287.873
2016-07-08 04:15:00,-0.023607822248964835,287.79699999999997
2016-07-08 04:30:00,-0.02410453916081756,287.71799999999996
2016-07-08 04:45:00,-0.024080588309703617,287.64
2016-07-08 05:00:00,-0.02392168315105345,287.56699999999995
2016-07-08 05:15:00,-0.023811649270595734,287.493
2016-07-08 05:30:00,-0.023983756525663286,287.424
2016-07-08 05:45:00,-0.024075610514907624,287.35999999999996
2016-07-08 06:00:00,-0.02413709038321496,287.299
2016-07-08 06:15:00,-0.02403122608966186,287.248
2016-07-08 06:30:00,-0.024309059518152144,287.203
2016-07-08 06:45:00,-0.023668417327922436,287.167
2016-07-08 07:00:00,-0.02387923787773622,287.14099999999996
2016-07-08 07:15:00,-0.02389536374483322,287.125
2016-07-08 07:30:00,-0.024115610651660204,287.10999999999996
2016-07-08 07:45:00,-0.024046443919466445,287.104
2016-07-08 08:00:00,-0.024254596425970682,287.101
2016-07-08 08:15:00,-0.023885146957767306,287.108
2016-07-08 08:30:00,-0.02394221928963847,287.126
2016-07-08 08:45:00,-0.0246770074427603,287.15
2016-07-08 09:00:00,-0.024644755708566463,287.18199999999996
2016-07-08 09:15:00,-0.024669220749472538,287.212
2016-07-08 09:30:00,-0.024243192626299613,287.248
2016-07-08 09:45:00,-0.024149184783537708,287.287
2016-07-08 10:00:00,-0.024003282062502698,287.33
2016-07-08 10:15:00,-0.024045374514100836,287.39
2016-07-08 10:30:00,-0.02411683321994268,287.448
2016-07-08 10:45:00,-0.02470909780888125,287.532
2016-07-08 11:00:00,-0.024549223074266963,287.616
2016-07-08 11:15:00,-0.02450940208342594,287.703
2016-07-08 11:30:00,-0.024237892095357535,287.796
2016-07-08 11:45:00,-0.024072325717352898,287.90599999999995
2016-07-08 12:00:00,-0.024075111367901993,288.005
2016-07-08 12:15:00,-0.024670537677051883,288.113
2016-07-08 12:30:00,-0.024520227419580855,288.23499999999996
2016-07-08 12:45:00,-0.024613265686378342,288.35299999999995
2016-07-08 13:00:00,-0.02484528972748615,288.462
2016-07-08 13:15:00,-0.025215509112851572,288.556
2016-07-08 13:30:00,-0.02515732908488577,288.668
2016-07-08 13:45:00,-0.025418936816877874,288.768
2016-07-08 14:00:00,-0.02533354438818593,288.907
2016-07-08 14:15:00,-0.025373897346657598,289.02299999999997
2016-07-08 14:30:00,-0.02525799267689798,289.138
2016-07-08 14:45:00,-0.025311447902385844,289.241
2016-07-08 15:00:00,-0.02537282794129199,289.30899999999997
2016-07-08 15:15:00,-0.02583013822269479,289.39799999999997
2016-07-08 15:30:00,-0.0255667704846854,289.44899999999996
2016-07-08 15:45:00,-0.025811758672679038,289.518
2016-07-08 16:00:00,-0.026445898276575164,289.669
2016-07-08 16:15:00,-0.026332740966635765,289.727
2016-07-08 16:30:00,-0.026516111166191854,289.83
2016-07-08 16:45:00,-0.02613707670795455,289.894
2016-07-08 17:00:00,-0.0261328072916489,290.0
2016-07-08 17:15:00,-0.026703551123251526,290.085
2016-07-08 17:30:00,-0.026719300920686903,290.144
2016-07-08 17:45:00,-0.02671843117412367,290.17199999999997
2016-07-08 18:00:00,-0.02670647489393129,290.21099999999996
2016-07-08 18:15:00,-0.026635786105251642,290.25399999999996
2016-07-08 18:30:00,-0.02637846556740355,290.299
2016-07-08 18:45:00,-0.026449568716474144,290.337
2016-07-08 19:00:00,-0.026492530914635513,290.36899999999997
2016-07-08 19:15:00,-0.026307045152291035,290.397
2016-07-08 19:30:00,-0.02644314544665108,290.418
2016-07-08 19:45:00,-0.026512094742204107,290.431
2016-07-08 20:00:00,-0.0265326076328466,290.431
2016-07-08 20:15:00,-0.02673234164903124,290.416
2016-07-08 20:30:00,-0.02646632638060297,290.395
2016-07-08 20:45:00,-0.02626206722074262,290.36699999999996
2016-07-08 21:00:00,-0.02679469126390166,290.327
2016-07-08 21:15:00,-0.026401646501355444,290.27599999999995
2016-07-08 21:30:00,-0.026872158879175625,290.22299999999996
2016-07-08 21:45:00,-0.026970060068581412,290.15299999999996
2016-07-08 22:00:00,-0.026989723725551192,290.08599999999996
2016-07-08 22:15:00,-0.02704918786047133,290.027
2016-07-08 22:30:00,-0.026880421471526344,289.957
2016-07-08 22:45:00,-0.02666278380438906,289.888
2016-07-08 23:00:00,-0.026567788607824223,289.83299999999997
2016-07-08 23:15:00,-0.02656852023425709,289.77799999999996
2016-07-08 23:30:00,-0.026520380582497657,289.724
2016-07-08 23:45:00,-0.026569766050482245,289.67499999999995
2016-07-09 00:00:00,-0.026029534459946838,289.614
2016-07-09 00:15:00,-0.02609101432825402,289.553
2016-07-09 00:30:00,-0.026128167275785496,289.489
2016-07-09 00:45:00,-0.026137969702460462,289.42499999999995
2016-07-09 01:00:00,-0.025638981329850628,289.35699999999997
2016-07-09 01:15:00,-0.025923731705065595,289.27799999999996
2016-07-09 01:30:00,-0.02564095877250865,289.19899999999996
2016-07-09 01:45:00,-0.02571957237460643,289.121
2016-07-09 02:00:00,-0.025905789763383775,289.03799999999995
2016-07-09 02:15:00,-0.025675919575793377,288.95399999999995
2016-07-09 02:30:00,-0.02594418852714025,288.871
2016-07-09 02:45:00,-0.025935711233200653,288.798
2016-07-09 03:00:00,-0.025878362661068906,288.726
2016-07-09 03:15:00,-0.02584030167624487,288.662
2016-07-09 03:30:00,-0.025753586849869413,288.592
2016-07-09 03:45:00,-0.025699261877818316,288.517
2016-07-09 04:00:00,-0.025872376999579314,288.447
2016-07-09 04:15:00,-0.025973301789065904,288.37399999999997
2016-07-09 04:30:00,-0.025814396630415737,288.301
2016-07-09 04:45:00,-0.025912297819821527,288.231
2016-07-09 05:00:00,-0.025612608590114716,288.162
2016-07-09 05:15:00,-0.025758155754378474,288.099
2016-07-09 05:30:00,-0.026058162250127203,288.032
2016-07-09 05:45:00,-0.026047451786159977,287.96799999999996
2016-07-09 06:00:00,-0.026077549666836404,287.911
2016-07-09 06:15:00,-0.025912952864796036,287.864
2016-07-09 06:30:00,-0.026198631790194087,287.818
2016-07-09 06:45:00,-0.025993582200281015,287.784
2016-07-09 07:00:00,-0.025971923322814706,287.758
2016-07-09 07:15:00,-0.026195193829722338,287.73999999999995
2016-07-09 07:30:00,-0.026208296096738685,287.727
2016-07-09 07:45:00,-0.02605103060181395,287.727
2016-07-09 08:00:00,-0.02584287809530971,287.72999999999996
2016-07-09 08:15:00,-0.025912044827503623,287.736
2016-07-09 08:30:00,-0.02574268493225599,287.748
2016-07-09 08:45:00,-0.025968899722734057,287.76099999999997
2016-07-09 09:00:00,-0.025721519731691296,287.769
2016-07-09 09:15:00,-0.025217115955951996,287.78099999999995
2016-07-09 09:30:00,-0.025237411409953454,287.78799999999995
2016-07-09 09:45:00,-0.02509237843548183,287.803
2016-07-09 10:00:00,-0.026525612737137404,287.82599999999996
2016-07-09 10:15:00,-0.025299799315553203,287.85499999999996
2016-07-09 10:30:00,-0.025290076205388753,287.885
2016-07-09 10:45:00,-0.025273080591728524,287.929
2016-07-09 11:00:00,-0.025058366695270704,287.986
2016-07-09 11:15:00,-0.025277664539023935,288.03299999999996
2016-07-09 11:30:00,-0.024990977746932284,288.08
2016-07-09 11:45:00,-0.025220709814392468,288.137
2016-07-09 12:00:00,-0.02518960406702244,288.195
2016-07-09 12:15:00,-0.025261062772864135,288.253
2016-07-09 12:30:00,-0.02534777759923959,288.323
2016-07-09 12:45:00,-0.025440539625776495,288.387
2016-07-09 13:00:00,-0.02540777370179037,288.467
2016-07-09 13:15:00,-0.029415474240937618,288.534
2016-07-09 13:30:00,-0.02985148120164505,288.61699999999996
2016-07-09 13:45:00,-0.025537133460285275,288.705
2016-07-09 14:00:00,-0.02595990003384615,288.774
2016-07-09 14:15:00,-0.025835438753636565,288.84999999999997
2016-07-09 14:30:00,-0.025667718522114514,288.935
2016-07-09 14:45:00,-0.02581014225689659,289.00399999999996
2016-07-09 15:00:00,-0.026307905326171936,289.08
2016-07-09 15:15:00,-0.026101392483393132,289.15599999999995
2016-07-09 15:30:00,-0.025860474052902614,289.239
2016-07-09 15:45:00,-0.02627316195952794,289.318
2016-07-09 16:00:00,-0.026729108817465888,289.388
2016-07-09 16:15:00,-0.02595025077008805,289.462
2016-07-09 16:30:00,-0.026282685410890315,289.546
2016-07-09 16:45:00,-0.02617168195446818,289.62899999999996
2016-07-09 17:00:00,-0.02611638740645266,289.71099999999996
2016-07-09 17:15:00,-0.0259647930420273,289.78
2016-07-09 17:30:00,-0.026388350045641194,289.85499999999996
2016-07-09 17:45:00,-0.026581660792002616,289.921
2016-07-09 18:00:00,-0.026636993630747313,289.995
2016-07-09 18:15:00,-0.026651735561489094,290.05499999999995
2016-07-09 18:30:00,-0.02656290517232525,290.116
2016-07-09 18:45:00,-0.02648897534692422,290.169
2016-07-09 19:00:00,-0.026481406090277188,290.224
2016-07-09 19:15:00,-0.02669084270373576,290.274
2016-07-09 19:30:00,-0.0265469557160878,290.315
2016-07-09 19:45:00,-0.026597763411156782,290.346
2016-07-09 20:00:00,-0.026518873568798423,290.37
2016-07-09 20:15:00,-0.026764593383225236,290.38399999999996
2016-07-09 20:30:00,-0.02641846296910412,290.395
2016-07-09 20:45:00,-0.02614877179067285,290.39799999999997
2016-07-09 21:00:00,-0.02652909035586449,290.387
2016-07-09 21:15:00,-0.026470219727246856,290.364
2016-07-09 21:30:00,-0.026452592316554793,290.334
2016-07-09 21:45:00,-0.026250566326722524,290.29699999999997
2016-07-09 22:00:00,-0.026420795968533087,290.25699999999995
2016-07-09 22:15:00,-0.02620228855483257,290.21599999999995
2016-07-09 22:30:00,-0.02606684057039503,290.174
2016-07-09 22:45:00,-0.026819494083740323,290.126
2016-07-09 23:00:00,-0.025850072649820827,290.077
2016-07-09 23:15:00,-0.026706298483071746,290.02799999999996
2016-07-09 23:30:00,-0.02560897780847107,289.977
2016-07-09 23:45:00,-0.025792309717298133,289.924
2016-07-10 00:00:00,-0.025771520586395057,289.87
2016-07-10 00:15:00,-0.025595481693954446,289.81399999999996
2016-07-10 00:30:00,-0.02572915189453634,289.756
2016-07-10 00:45:00,-0.02557765735951232,289.69599999999997
2016-07-10 01:00:00,-0.025776897698795497,289.63399999999996
2016-07-10 01:15:00,-0.02656618996988028,289.57
2016-07-10 01:30:00,-0.02564125279060774,289.50399999999996
2016-07-10 01:45:00,-0.02565890071419032,289.43899999999996
2016-07-10 02:00:00,-0.025671726740946085,289.37199999999996
2016-07-10 02:15:00,-0.025691390397915865,289.30499999999995
2016-07-10 02:30:00,-0.025314471502466643,289.238
2016-07-10 02:45:00,-0.025385022171015924,289.168
2016-07-10 03:00:00,-0.025664733212763042,289.094
2016-07-10 03:15:00,-0.025376920946738248,289.02
2016-07-10 03:30:00,-0.025497350760173582,288.948
2016-07-10 03:45:00,-0.025209538494148635,288.87399999999997
2016-07-10 04:00:00,-0.025207898830423354,288.801
2016-07-10 04:15:00,-0.024996308363447368,288.726
2016-07-10 04:30:00,-0.025980295317248946,288.652
2016-07-10 04:45:00,-0.02519232817889968,288.57899999999995
2016-07-10 05:00:00,-0.025134979606767933,288.50699999999995
2016-07-10 05:15:00,-0.025308094728528935,288.43699999999995
2016-07-10 05:30:00,-0.025324734785417913,288.373
2016-07-10 05:45:00,-0.025518145361180675,288.31
2016-07-10 06:00:00,-0.02557357802932656,288.255
2016-07-10 06:15:00,-0.0256698190421164,288.207
2016-07-10 06:30:00,-0.025609584990034066,288.16499999999996
2016-07-10 06:45:00,-0.025570654258646946,288.12899999999996
2016-07-10 07:00:00,-0.029872393409891992,288.101
2016-07-10 07:15:00,-0.03000598429396337,288.077
2016-07-10 07:30:00,-0.030359169774939385,288.05899999999997
2016-07-10 07:45:00,-0.03032037716368263,288.04999999999995
2016-07-10 08:00:00,-0.03049513194916891,288.053
2016-07-10 08:15:00,-0.03061799185638224,288.06
2016-07-10 08:30:00,-0.030355138308165136,288.063
2016-07-10 08:45:00,-0.030217160400548258,288.07099999999997
2016-07-10 09:00:00,-0.030071119559383033,288.087
2016-07-10 09:15:00,-0.03004793862543114,288.10999999999996
2016-07-10 09:30:00,-0.0295742645274001,288.13899999999995
2016-07-10 09:45:00,-0.030112342264417936,288.17499999999995
2016-07-10 10:00:00,-0.029756488740132373,288.21599999999995
2016-07-10 10:15:00,-0.029533356353355106,288.26099999999997
2016-07-10 10:30:00,-0.029289276202653574,288.32
2016-07-10 10:45:00,-0.029420475283676136,288.373
2016-07-10 11:00:00,-0.029020137504743467,288.431
2016-07-10 11:15:00,-0.028885459437467974,288.48999999999995
2016-07-10 11:30:00,-0.02889126868809802,288.58599999999996
2016-07-10 11:45:00,-0.02893954645998782,288.667
2016-07-10 12:00:00,-0.028952410777472612,288.756
2016-07-10 12:15:00,-0.029111454056253146,288.856
2016-07-10 12:30:00,-0.028621792211255322,288.928
2016-07-10 12:45:00,-0.02902216828091717,289.02599999999995
2016-07-10 13:00:00,-0.02831852416589439,289.09999999999997
2016-07-10 13:15:00,-0.029059635759438405,289.17199999999997
2016-07-10 13:30:00,-0.029223718371686636,289.267
2016-07-10 13:45:00,-0.02995510685506605,289.36899999999997
2016-07-10 14:00:00,-0.029667688436541533,289.471
2016-07-10 14:15:00,-0.030405124120082398,289.567
2016-07-10 14:30:00,-0.030126776501799978,289.65999999999997
2016-07-10 14:45:00,-0.029446589560989975,289.765
2016-07-10 15:00:00,-0.030012294059125057,289.85499999999996
2016-07-10 15:15:00,-0.029170672036485552,289.93699999999995
2016-07-10 15:30:00,-0.02924226886245746,290.022
2016-07-10 15:45:00,-0.029833525584702734,290.10699999999997
2016-07-10 16:00:00,-0.02976815236975167,290.19899999999996
2016-07-10 16:15:00,-0.02983370199556228,290.28999999999996
2016-07-10 16:30:00,-0.02990227522145369,290.378
2016-07-10 16:45:00,-0.02977299204441714,290.452
2016-07-10 17:00:00,-0.029051858638832972,290.52299999999997
2016-07-10 17:15:00,-0.02847107443102352,290.604
2016-07-10 17:30:00,-0.028583124044868437,290.676
2016-07-10 17:45:00,-0.029271550330086635,290.746
2016-07-10 18:00:00,-0.03014178646764601,290.81199999999995
2016-07-10 18:15:00,-0.030185894652631193,290.87
2016-07-10 18:30:00,-0.030332349854187514,290.935
2016-07-10 18:45:00,-0.030361201918638937,290.981
2016-07-10 19:00:00,-0.030252728385396135,291.01399999999995
2016-07-10 19:15:00,-0.030521905374035423,291.05899999999997
2016-07-10 19:30:00,-0.030138563208762983,291.073
2016-07-10 19:45:00,-0.030085660463796435,291.078
2016-07-10 20:00:00,-0.030321163491157183,291.075
2016-07-10 20:15:00,-0.030399401023593193,291.072
2016-07-10 20:30:00,-0.030070404343262674,291.066
2016-07-10 20:45:00,-0.0300308213019532,291.051
2016-07-10 21:00:00,-0.030056017969292144,291.02599999999995
2016-07-10 21:15:00,-0.030192849890085055,290.99199999999996
2016-07-10 21:30:00,-0.030081728826423373,290.953
2016-07-10 21:45:00,-0.029987306623270517,290.911
2016-07-10 22:00:00,-0.03016840536206965,290.86699999999996
2016-07-10 22:15:00,-0.029896204773349564,290.825
2016-07-10 22:30:00,-0.029752911292004254,290.784
2016-07-10 22:45:00,-0.029590112786710355,290.74199999999996
2016-07-10 23:00:00,-0.02944883503875225,290.69899999999996
2016-07-10 23:15:00,-0.02991128448302378,290.654
2016-07-10 23:30:00,-0.02938328541294149,290.60799999999995
2016-07-10 23:45:00,-0.0295605701216071,290.561
2016-07-11 00:00:00,-0.029219202800693254,290.513
2016-07-11 00:15:00,-0.02820011965852859,290.459
2016-07-11 00:30:00,-0.028332564555776152,290.409
2016-07-11 00:45:00,-0.028420387078246397,290.349
2016-07-11 01:00:00,-0.02852771462466538,290.28999999999996
2016-07-11 01:15:00,-0.028592218093053366,290.226
2016-07-11 01:30:00,-0.02826899237262341,290.15999999999997
2016-07-11 01:45:00,-0.028300098119993587,290.102
2016-07-11 02:00:00,-0.02817876026926569,290.046
2016-07-11 02:15:00,-0.02825772942813472,289.988
2016-07-11 02:30:00,-0.028160935934823567,289.928
2016-07-11 02:45:00,-0.027935235334137935,289.86699999999996
2016-07-11 03:00:00,-0.028075743164933845,289.80899999999997
2016-07-11 03:15:00,-0.02790272787257388,289.75
2016-07-11 03:30:00,-0.02788417191169889,289.68699999999995
2016-07-11 03:45:00,-0.02787648504781216,289.62
2016-07-11 04:00:00,-0.027759396100499396,289.553
2016-07-11 04:15:00,-0.027953814542955605,289.489
2016-07-11 04:30:00,-0.027523992902539682,289.42699999999996
2016-07-11 04:45:00,-0.028026104704631506,289.363
2016-07-11 05:00:00,-0.02777989121330323,289.30199999999996
2016-07-11 05:15:00,-0.027918600747352973,289.239
2016-07-11 05:30:00,-0.028161673031360752,289.181
2016-07-11 05:45:00,-0.027929925230513523,289.126
2016-07-11 06:00:00,-0.027900282736009384,289.07399999999996
2016-07-11 06:15:00,-0.02821432004895739,289.027
2016-07-11 06:30:00,-0.02799099073842991,288.984
2016-07-11 06:45:00,-0.02844739298254014,288.945
2016-07-11 07:00:00,-0.027572255631643134,288.911
2016-07-11 07:15:00,-0.02766424774101784,288.87399999999997
2016-07-11 07:30:00,-0.027876293594166116,288.84
2016-07-11 07:45:00,-0.027604883435498894,288.804
2016-07-11 08:00:00,-0.027471806741219653,288.78
2016-07-11 08:15:00,-0.028067332879770424,288.75899999999996
2016-07-11 08:30:00,-0.027674426237354575,288.73499999999996
2016-07-11 08:45:00,-0.02791900006495742,288.72299999999996
2016-07-11 09:00:00,-0.0285623896150072,288.702
2016-07-11 09:15:00,-0.02881380107282421,288.69
2016-07-11 09:30:00,-0.02873880457710958,288.683
2016-07-11 09:45:00,-0.028850222393922664,288.681
2016-07-11 10:00:00,-0.028324732734128884,288.67999999999995
2016-07-11 10:15:00,-0.027992712453717716,288.67699999999996
2016-07-11 10:30:00,-0.028614936803202647,288.67699999999996
2016-07-11 10:45:00,-0.028148970081948853,288.678
2016-07-11 11:00:00,-0.02835813045514669,288.674
2016-07-11 11:15:00,-0.02850330154974868,288.686
2016-07-11 11:30:00,-0.028394689896375665,288.69199999999995
2016-07-11 11:45:00,-0.028332933787807747,288.69899999999996
2016-07-11 12:00:00,-0.028618098523413665,288.70099999999996
2016-07-11 12:15:00,-0.02860902772317172,288.71
2016-07-11 12:30:00,-0.02882538128335482,288.726
2016-07-11 12:45:00,-0.02891361816621586,288.74699999999996
2016-07-11 13:00:00,-0.02870985268325697,288.76599999999996
2016-07-11 13:15:00,-0.028919013056454806,288.762
2016-07-11 13:30:00,-0.028547547854864384,288.77099999999996
2016-07-11 13:45:00,-0.02896478141805609,288.798
2016-07-11 14:00:00,-0.028734673280934295,288.816
2016-07-11 14:15:00,-0.029121177166417597,288.82599999999996
2016-07-11 14:30:00,-0.029055389591075433,288.837
2016-07-11 14:45:00,-0.0288749431621988,288.85999999999996
2016-07-11 15:00:00,-0.02929520032547116,288.88399999999996
2016-07-11 15:15:00,-0.028812455427198017,288.92199999999997
2016-07-11 15:30:00,-0.02902578538730047,288.941
2016-07-11 15:45:00,-0.028981083696012634,288.965
2016-07-11 16:00:00,-0.028929544374510632,288.989
2016-07-11 16:15:00,-0.028853678132232767,289.01
2016-07-11 16:30:00,-0.028964443639123504,289.029
2016-07-11 16:45:00,-0.028901462227221255,289.044
2016-07-11 17:00:00,-0.028519127928642418,289.05699999999996
2016-07-11 17:15:00,-0.028789174663844938,289.07399999999996
2016-07-11 17:30:00,-0.028783127463683486,289.08
2016-07-11 17:45:00,-0.028416701595560912,289.084
2016-07-11 18:00:00,-0.028714316288260825,289.094
2016-07-11 18:15:00,-0.029781777031716174,289.09999999999997
2016-07-11 18:30:00,-0.029231743014505956,289.10299999999995
2016-07-11 18:45:00,-0.029198345293488148,289.109
2016-07-11 19:00:00,-0.02911406056089069,289.118
2016-07-11 19:15:00,-0.029485663882611632,289.13599999999997
2016-07-11 19:30:00,-0.02956793288182174,289.12899999999996
2016-07-11 19:45:00,-0.029213601414021913,289.121
2016-07-11 20:00:00,-0.029373890509027296,289.118
2016-07-11 20:15:00,-0.029803080352411387,289.106
2016-07-11 20:30:00,-0.029497620162804012,289.097
2016-07-11 20:45:00,-0.02909967418692031,289.078
2016-07-11 21:00:00,-0.029519655109931937,289.048
2016-07-11 21:15:00,-0.029587320298530936,289.008
2016-07-11 21:30:00,-0.029657001220516985,288.96599999999995
2016-07-11 21:45:00,-0.029541058260028185,288.92499999999995
2016-07-11 22:00:00,-0.02939574904529583,288.88599999999997
2016-07-11 22:15:00,-0.028991617749120315,288.846
2016-07-11 22:30:00,-0.028906048909568827,288.80199999999996
2016-07-11 22:45:00,-0.028635864054236092,288.758
2016-07-11 23:00:00,-0.02858066933562161,288.71099999999996
2016-07-11 23:15:00,-0.02831250021367592,288.66499999999996
2016-07-11 23:30:00,-0.028073697345973793,288.61699999999996
2016-07-11 23:45:00,-0.02848929124544007,288.57099999999997
2016-07-12 00:00:00,-0.02863821756655573,288.525
2016-07-12 00:15:00,-0.028916050995046166,288.47999999999996
2016-07-12 00:30:00,-0.02911665475779404,288.43699999999995
2016-07-12 00:45:00,-0.0290290701848552,288.395
2016-07-12 01:00:00,-0.028577075477181135,288.35499999999996
2016-07-12 01:15:00,-0.028510794224937505,288.31899999999996
2016-07-12 01:30:00,-0.028080320274599082,288.27799999999996
2016-07-12 01:45:00,-0.028458702422914192,288.23499999999996
2016-07-12 02:00:00,-0.028484551400175633,288.18899999999996
2016-07-12 02:15:00,-0.028507594213997314,288.13899999999995
2016-07-12 02:30:00,-0.0286118981603355,288.08299999999997
2016-07-12 02:45:00,-0.028463209788751394,288.027
2016-07-12 03:00:00,-0.02851662672351008,287.974
2016-07-12 03:15:00,-0.028341595697763067,287.917
2016-07-12 03:30:00,-0.028238755004290617,287.863
2016-07-12 03:45:00,-0.027686429013432462,287.81399999999996
2016-07-12 04:00:00,-0.02726502586333629,287.76399999999995
2016-07-12 04:15:00,-0.027833853790953055,287.722
2016-07-12 04:30:00,-0.028208204472493913,287.683
2016-07-12 04:45:00,-0.028591408517635832,287.642
2016-07-12 05:00:00,-0.02839139826119046,287.60299999999995
2016-07-12 05:15:00,-0.028065287060810375,287.56699999999995
2016-07-12 05:30:00,-0.028045861353371997,287.532
2016-07-12 05:45:00,-0.0283194458784473,287.498
2016-07-12 06:00:00,-0.028197455717797356,287.46299999999997
2016-07-12 06:15:00,-0.028097776744535768,287.433
2016-07-12 06:30:00,-0.028618306387372217,287.405
2016-07-12 06:45:00,-0.02818358353361881,287.375
2016-07-12 07:00:00,-0.028283994133313266,287.34999999999997
2016-07-12 07:15:00,-0.027989620477334887,287.33
2016-07-12 07:30:00,-0.028241031935151744,287.318
2016-07-12 07:45:00,-0.028267592025955537,287.31199999999995
2016-07-12 08:00:00,-0.02809082150708206,287.311
2016-07-12 08:15:00,-0.02845019230834958,287.31399999999996
2016-07-12 08:30:00,-0.02853123600422566,287.315
2016-07-12 08:45:00,-0.028523173070677164,287.323
2016-07-12 09:00:00,-0.028511078670354417,287.335
2016-07-12 09:15:00,-0.028139969025535092,287.364
2016-07-12 09:30:00,-0.028376618039719654,287.387
2016-07-12 09:45:00,-0.028098646491099152,287.405
2016-07-12 10:00:00,-0.02801975664874064,287.429
2016-07-12 10:15:00,-0.02976414278339394,287.435
2016-07-12 10:30:00,0.3517078991723048,287.45599999999996
2016-07-12 10:45:00,0.3517078991723048,287.45599999999996
